147604newsML.txt,RobinSidel
196812newsML.txt,RobinSidel
219316newsML.txt,RobinSidel
251225newsML.txt,RobinSidel
177958newsML.txt,RobinSidel
163815newsML.txt,RobinSidel
198999newsML.txt,RobinSidel
196990newsML.txt,RobinSidel
110986newsML.txt,RobinSidel
216335newsML.txt,RobinSidel
153574newsML.txt,RobinSidel
207287newsML.txt,RobinSidel
142837newsML.txt,RobinSidel
168806newsML.txt,RobinSidel
163749newsML.txt,RobinSidel
147744newsML.txt,RobinSidel
166722newsML.txt,RobinSidel
156766newsML.txt,RobinSidel
163771newsML.txt,RobinSidel
168531newsML.txt,RobinSidel
104639newsML.txt,RobinSidel
257938newsML.txt,RobinSidel
140433newsML.txt,RobinSidel
137061newsML.txt,RobinSidel
105455newsML.txt,RobinSidel
10726newsML.txt,RobinSidel
144598newsML.txt,RobinSidel
186416newsML.txt,RobinSidel
220676newsML.txt,RobinSidel
122605newsML.txt,RobinSidel
168654newsML.txt,RobinSidel
196693newsML.txt,RobinSidel
110827newsML.txt,RobinSidel
113551newsML.txt,RobinSidel
264190newsML.txt,RobinSidel
164273newsML.txt,RobinSidel
243684newsML.txt,RobinSidel
143798newsML.txt,RobinSidel
259306newsML.txt,RobinSidel
172865newsML.txt,RobinSidel
129717newsML.txt,RobinSidel
156978newsML.txt,RobinSidel
207288newsML.txt,RobinSidel
175201newsML.txt,RobinSidel
206638newsML.txt,RobinSidel
129289newsML.txt,RobinSidel
255995newsML.txt,RobinSidel
173005newsML.txt,RobinSidel
243641newsML.txt,RobinSidel
173947newsML.txt,RobinSidel
245918newsML.txt,LynnleyBrowning
169353newsML.txt,LynnleyBrowning
293211newsML.txt,LynnleyBrowning
103703newsML.txt,LynnleyBrowning
318451newsML.txt,LynnleyBrowning
159726newsML.txt,LynnleyBrowning
263781newsML.txt,LynnleyBrowning
114005newsML.txt,LynnleyBrowning
107881newsML.txt,LynnleyBrowning
123245newsML.txt,LynnleyBrowning
266599newsML.txt,LynnleyBrowning
308394newsML.txt,LynnleyBrowning
105018newsML.txt,LynnleyBrowning
248885newsML.txt,LynnleyBrowning
262566newsML.txt,LynnleyBrowning
163468newsML.txt,LynnleyBrowning
295731newsML.txt,LynnleyBrowning
324280newsML.txt,LynnleyBrowning
236661newsML.txt,LynnleyBrowning
209593newsML.txt,LynnleyBrowning
230857newsML.txt,LynnleyBrowning
202315newsML.txt,LynnleyBrowning
263722newsML.txt,LynnleyBrowning
27013newsML.txt,LynnleyBrowning
305426newsML.txt,LynnleyBrowning
156303newsML.txt,LynnleyBrowning
219830newsML.txt,LynnleyBrowning
199480newsML.txt,LynnleyBrowning
185549newsML.txt,LynnleyBrowning
266625newsML.txt,LynnleyBrowning
269386newsML.txt,LynnleyBrowning
206315newsML.txt,LynnleyBrowning
147283newsML.txt,LynnleyBrowning
130255newsML.txt,LynnleyBrowning
269345newsML.txt,LynnleyBrowning
241692newsML.txt,LynnleyBrowning
298904newsML.txt,LynnleyBrowning
318404newsML.txt,LynnleyBrowning
314644newsML.txt,LynnleyBrowning
166151newsML.txt,LynnleyBrowning
224891newsML.txt,LynnleyBrowning
153131newsML.txt,LynnleyBrowning
116673newsML.txt,LynnleyBrowning
102195newsML.txt,LynnleyBrowning
239652newsML.txt,LynnleyBrowning
166214newsML.txt,LynnleyBrowning
260916newsML.txt,LynnleyBrowning
239689newsML.txt,LynnleyBrowning
182130newsML.txt,LynnleyBrowning
294148newsML.txt,LynnleyBrowning
271793newsML.txt,KouroshKarimkhany
170654newsML.txt,KouroshKarimkhany
264379newsML.txt,KouroshKarimkhany
299663newsML.txt,KouroshKarimkhany
331262newsML.txt,KouroshKarimkhany
128940newsML.txt,KouroshKarimkhany
315358newsML.txt,KouroshKarimkhany
183605newsML.txt,KouroshKarimkhany
173933newsML.txt,KouroshKarimkhany
298368newsML.txt,KouroshKarimkhany
124768newsML.txt,KouroshKarimkhany
113206newsML.txt,KouroshKarimkhany
271795newsML.txt,KouroshKarimkhany
271894newsML.txt,KouroshKarimkhany
185419newsML.txt,KouroshKarimkhany
290979newsML.txt,KouroshKarimkhany
189198newsML.txt,KouroshKarimkhany
200795newsML.txt,KouroshKarimkhany
129309newsML.txt,KouroshKarimkhany
120392newsML.txt,KouroshKarimkhany
287796newsML.txt,KouroshKarimkhany
123800newsML.txt,KouroshKarimkhany
160557newsML.txt,KouroshKarimkhany
313088newsML.txt,KouroshKarimkhany
307652newsML.txt,KouroshKarimkhany
104417newsML.txt,KouroshKarimkhany
121032newsML.txt,KouroshKarimkhany
117158newsML.txt,KouroshKarimkhany
160129newsML.txt,KouroshKarimkhany
272490newsML.txt,KouroshKarimkhany
287103newsML.txt,KouroshKarimkhany
218300newsML.txt,KouroshKarimkhany
146032newsML.txt,KouroshKarimkhany
311972newsML.txt,KouroshKarimkhany
101520newsML.txt,KouroshKarimkhany
331500newsML.txt,KouroshKarimkhany
167199newsML.txt,KouroshKarimkhany
183208newsML.txt,KouroshKarimkhany
202658newsML.txt,KouroshKarimkhany
150572newsML.txt,KouroshKarimkhany
309316newsML.txt,KouroshKarimkhany
285535newsML.txt,KouroshKarimkhany
181666newsML.txt,KouroshKarimkhany
330773newsML.txt,KouroshKarimkhany
311931newsML.txt,KouroshKarimkhany
108366newsML.txt,KouroshKarimkhany
203674newsML.txt,KouroshKarimkhany
172988newsML.txt,KouroshKarimkhany
157930newsML.txt,KouroshKarimkhany
283247newsML.txt,KouroshKarimkhany
288745newsML.txt,MichaelConnor
183243newsML.txt,MichaelConnor
120404newsML.txt,MichaelConnor
122415newsML.txt,MichaelConnor
124763newsML.txt,MichaelConnor
119156newsML.txt,MichaelConnor
375668newsML.txt,MichaelConnor
184787newsML.txt,MichaelConnor
287614newsML.txt,MichaelConnor
307864newsML.txt,MichaelConnor
105491newsML.txt,MichaelConnor
40606newsML.txt,MichaelConnor
379600newsML.txt,MichaelConnor
270352newsML.txt,MichaelConnor
269990newsML.txt,MichaelConnor
288623newsML.txt,MichaelConnor
186387newsML.txt,MichaelConnor
357313newsML.txt,MichaelConnor
305809newsML.txt,MichaelConnor
152528newsML.txt,MichaelConnor
298475newsML.txt,MichaelConnor
320765newsML.txt,MichaelConnor
360346newsML.txt,MichaelConnor
239967newsML.txt,MichaelConnor
13865newsML.txt,MichaelConnor
261401newsML.txt,MichaelConnor
309322newsML.txt,MichaelConnor
22201newsML.txt,MichaelConnor
13406newsML.txt,MichaelConnor
269817newsML.txt,MichaelConnor
239435newsML.txt,MichaelConnor
324861newsML.txt,MichaelConnor
418479newsML.txt,MichaelConnor
372558newsML.txt,MichaelConnor
257827newsML.txt,MichaelConnor
237057newsML.txt,MichaelConnor
328867newsML.txt,MichaelConnor
285409newsML.txt,MichaelConnor
13958newsML.txt,MichaelConnor
233199newsML.txt,MichaelConnor
102530newsML.txt,MichaelConnor
353261newsML.txt,MichaelConnor
299336newsML.txt,MichaelConnor
406455newsML.txt,MichaelConnor
363969newsML.txt,MichaelConnor
245471newsML.txt,MichaelConnor
323784newsML.txt,MichaelConnor
234177newsML.txt,MichaelConnor
186990newsML.txt,MichaelConnor
269791newsML.txt,MichaelConnor
245686newsML.txt,JoeOrtiz
294823newsML.txt,JoeOrtiz
344993newsML.txt,JoeOrtiz
242939newsML.txt,JoeOrtiz
167802newsML.txt,JoeOrtiz
299957newsML.txt,JoeOrtiz
148240newsML.txt,JoeOrtiz
300358newsML.txt,JoeOrtiz
297151newsML.txt,JoeOrtiz
29051newsML.txt,JoeOrtiz
100554newsML.txt,JoeOrtiz
137871newsML.txt,JoeOrtiz
342301newsML.txt,JoeOrtiz
202086newsML.txt,JoeOrtiz
130040newsML.txt,JoeOrtiz
263503newsML.txt,JoeOrtiz
247024newsML.txt,JoeOrtiz
167342newsML.txt,JoeOrtiz
290471newsML.txt,JoeOrtiz
364126newsML.txt,JoeOrtiz
34037newsML.txt,JoeOrtiz
216670newsML.txt,JoeOrtiz
222292newsML.txt,JoeOrtiz
223148newsML.txt,JoeOrtiz
180577newsML.txt,JoeOrtiz
344889newsML.txt,JoeOrtiz
185661newsML.txt,JoeOrtiz
324101newsML.txt,JoeOrtiz
300369newsML.txt,JoeOrtiz
263500newsML.txt,JoeOrtiz
343304newsML.txt,JoeOrtiz
100593newsML.txt,JoeOrtiz
364594newsML.txt,JoeOrtiz
189829newsML.txt,JoeOrtiz
223783newsML.txt,JoeOrtiz
186895newsML.txt,JoeOrtiz
299862newsML.txt,JoeOrtiz
343271newsML.txt,JoeOrtiz
172150newsML.txt,JoeOrtiz
294330newsML.txt,JoeOrtiz
197549newsML.txt,JoeOrtiz
232082newsML.txt,JoeOrtiz
160682newsML.txt,JoeOrtiz
341761newsML.txt,JoeOrtiz
210554newsML.txt,JoeOrtiz
207570newsML.txt,JoeOrtiz
289108newsML.txt,JoeOrtiz
320925newsML.txt,JoeOrtiz
100618newsML.txt,JoeOrtiz
309597newsML.txt,JoeOrtiz
186282newsML.txt,EricAuchard
101678newsML.txt,EricAuchard
216338newsML.txt,EricAuchard
18223newsML.txt,EricAuchard
151452newsML.txt,EricAuchard
210069newsML.txt,EricAuchard
263257newsML.txt,EricAuchard
111437newsML.txt,EricAuchard
13068newsML.txt,EricAuchard
121521newsML.txt,EricAuchard
149671newsML.txt,EricAuchard
120484newsML.txt,EricAuchard
260570newsML.txt,EricAuchard
115060newsML.txt,EricAuchard
233319newsML.txt,EricAuchard
227670newsML.txt,EricAuchard
264271newsML.txt,EricAuchard
100385newsML.txt,EricAuchard
119233newsML.txt,EricAuchard
133874newsML.txt,EricAuchard
13069newsML.txt,EricAuchard
147596newsML.txt,EricAuchard
18802newsML.txt,EricAuchard
157855newsML.txt,EricAuchard
14573newsML.txt,EricAuchard
157435newsML.txt,EricAuchard
230274newsML.txt,EricAuchard
12877newsML.txt,EricAuchard
191274newsML.txt,EricAuchard
183828newsML.txt,EricAuchard
292697newsML.txt,EricAuchard
210631newsML.txt,EricAuchard
205742newsML.txt,EricAuchard
117213newsML.txt,EricAuchard
231241newsML.txt,EricAuchard
139624newsML.txt,EricAuchard
183344newsML.txt,EricAuchard
209979newsML.txt,EricAuchard
13415newsML.txt,EricAuchard
116212newsML.txt,EricAuchard
203838newsML.txt,EricAuchard
152722newsML.txt,EricAuchard
13583newsML.txt,EricAuchard
172851newsML.txt,EricAuchard
162159newsML.txt,EricAuchard
261502newsML.txt,EricAuchard
175415newsML.txt,EricAuchard
183534newsML.txt,EricAuchard
288069newsML.txt,EricAuchard
217358newsML.txt,EricAuchard
14014newsML.txt,AaronPressman
330967newsML.txt,AaronPressman
354135newsML.txt,AaronPressman
275174newsML.txt,AaronPressman
270084newsML.txt,AaronPressman
197734newsML.txt,AaronPressman
186392newsML.txt,AaronPressman
366020newsML.txt,AaronPressman
136958newsML.txt,AaronPressman
325347newsML.txt,AaronPressman
137498newsML.txt,AaronPressman
270046newsML.txt,AaronPressman
357147newsML.txt,AaronPressman
206838newsML.txt,AaronPressman
182596newsML.txt,AaronPressman
372995newsML.txt,AaronPressman
347226newsML.txt,AaronPressman
2537newsML.txt,AaronPressman
266038newsML.txt,AaronPressman
270346newsML.txt,AaronPressman
394237newsML.txt,AaronPressman
270134newsML.txt,AaronPressman
398094newsML.txt,AaronPressman
120600newsML.txt,AaronPressman
324896newsML.txt,AaronPressman
156814newsML.txt,AaronPressman
407599newsML.txt,AaronPressman
193495newsML.txt,AaronPressman
372744newsML.txt,AaronPressman
120683newsML.txt,AaronPressman
312178newsML.txt,AaronPressman
401260newsML.txt,AaronPressman
299375newsML.txt,AaronPressman
237175newsML.txt,AaronPressman
369570newsML.txt,AaronPressman
269995newsML.txt,AaronPressman
354285newsML.txt,AaronPressman
277513newsML.txt,AaronPressman
372989newsML.txt,AaronPressman
196805newsML.txt,AaronPressman
371380newsML.txt,AaronPressman
233150newsML.txt,AaronPressman
331411newsML.txt,AaronPressman
378457newsML.txt,AaronPressman
277117newsML.txt,AaronPressman
269999newsML.txt,AaronPressman
106247newsML.txt,AaronPressman
290125newsML.txt,AaronPressman
249407newsML.txt,AaronPressman
231479newsML.txt,AaronPressman
376414newsML.txt,SimonCowell
448236newsML.txt,SimonCowell
347894newsML.txt,SimonCowell
409884newsML.txt,SimonCowell
405237newsML.txt,SimonCowell
423379newsML.txt,SimonCowell
27675newsML.txt,SimonCowell
400494newsML.txt,SimonCowell
405124newsML.txt,SimonCowell
390574newsML.txt,SimonCowell
258206newsML.txt,SimonCowell
248599newsML.txt,SimonCowell
353509newsML.txt,SimonCowell
405057newsML.txt,SimonCowell
15627newsML.txt,SimonCowell
418734newsML.txt,SimonCowell
442065newsML.txt,SimonCowell
302376newsML.txt,SimonCowell
253060newsML.txt,SimonCowell
413323newsML.txt,SimonCowell
312983newsML.txt,SimonCowell
384133newsML.txt,SimonCowell
245741newsML.txt,SimonCowell
424503newsML.txt,SimonCowell
311253newsML.txt,SimonCowell
377851newsML.txt,SimonCowell
259617newsML.txt,SimonCowell
403689newsML.txt,SimonCowell
450839newsML.txt,SimonCowell
361250newsML.txt,SimonCowell
420566newsML.txt,SimonCowell
255730newsML.txt,SimonCowell
440535newsML.txt,SimonCowell
242983newsML.txt,SimonCowell
402074newsML.txt,SimonCowell
356525newsML.txt,SimonCowell
303707newsML.txt,SimonCowell
390568newsML.txt,SimonCowell
406879newsML.txt,SimonCowell
447824newsML.txt,SimonCowell
350608newsML.txt,SimonCowell
347888newsML.txt,SimonCowell
385473newsML.txt,SimonCowell
376405newsML.txt,SimonCowell
455543newsML.txt,SimonCowell
425943newsML.txt,SimonCowell
312858newsML.txt,SimonCowell
417061newsML.txt,SimonCowell
324051newsML.txt,SimonCowell
385542newsML.txt,SimonCowell
198178newsML.txt,LynneO'Donnell
238772newsML.txt,LynneO'Donnell
27316newsML.txt,LynneO'Donnell
23184newsML.txt,LynneO'Donnell
133490newsML.txt,LynneO'Donnell
204874newsML.txt,LynneO'Donnell
15736newsML.txt,LynneO'Donnell
116963newsML.txt,LynneO'Donnell
2439newsML.txt,LynneO'Donnell
2462newsML.txt,LynneO'Donnell
106719newsML.txt,LynneO'Donnell
29593newsML.txt,LynneO'Donnell
114299newsML.txt,LynneO'Donnell
12381newsML.txt,LynneO'Donnell
125560newsML.txt,LynneO'Donnell
151846newsML.txt,LynneO'Donnell
180191newsML.txt,LynneO'Donnell
275670newsML.txt,LynneO'Donnell
229894newsML.txt,LynneO'Donnell
148890newsML.txt,LynneO'Donnell
111855newsML.txt,LynneO'Donnell
187362newsML.txt,LynneO'Donnell
146245newsML.txt,LynneO'Donnell
135223newsML.txt,LynneO'Donnell
112106newsML.txt,LynneO'Donnell
258739newsML.txt,LynneO'Donnell
166518newsML.txt,LynneO'Donnell
20855newsML.txt,LynneO'Donnell
107032newsML.txt,LynneO'Donnell
10327newsML.txt,LynneO'Donnell
171633newsML.txt,LynneO'Donnell
158416newsML.txt,LynneO'Donnell
248156newsML.txt,LynneO'Donnell
120232newsML.txt,LynneO'Donnell
17858newsML.txt,LynneO'Donnell
102480newsML.txt,LynneO'Donnell
121931newsML.txt,LynneO'Donnell
110718newsML.txt,LynneO'Donnell
265681newsML.txt,LynneO'Donnell
121886newsML.txt,LynneO'Donnell
146472newsML.txt,LynneO'Donnell
247724newsML.txt,LynneO'Donnell
244800newsML.txt,LynneO'Donnell
169600newsML.txt,LynneO'Donnell
171253newsML.txt,LynneO'Donnell
250844newsML.txt,LynneO'Donnell
158405newsML.txt,LynneO'Donnell
159976newsML.txt,LynneO'Donnell
125205newsML.txt,LynneO'Donnell
115594newsML.txt,LynneO'Donnell
202020newsML.txt,EdnaFernandes
119734newsML.txt,EdnaFernandes
127410newsML.txt,EdnaFernandes
219541newsML.txt,EdnaFernandes
122988newsML.txt,EdnaFernandes
183674newsML.txt,EdnaFernandes
138342newsML.txt,EdnaFernandes
225499newsML.txt,EdnaFernandes
220686newsML.txt,EdnaFernandes
126175newsML.txt,EdnaFernandes
121318newsML.txt,EdnaFernandes
10193newsML.txt,EdnaFernandes
191925newsML.txt,EdnaFernandes
183684newsML.txt,EdnaFernandes
223786newsML.txt,EdnaFernandes
15633newsML.txt,EdnaFernandes
141414newsML.txt,EdnaFernandes
225917newsML.txt,EdnaFernandes
134642newsML.txt,EdnaFernandes
203933newsML.txt,EdnaFernandes
15644newsML.txt,EdnaFernandes
223143newsML.txt,EdnaFernandes
126166newsML.txt,EdnaFernandes
207536newsML.txt,EdnaFernandes
230517newsML.txt,EdnaFernandes
225609newsML.txt,EdnaFernandes
10264newsML.txt,EdnaFernandes
18224newsML.txt,EdnaFernandes
223214newsML.txt,EdnaFernandes
191766newsML.txt,EdnaFernandes
121324newsML.txt,EdnaFernandes
178869newsML.txt,EdnaFernandes
199220newsML.txt,EdnaFernandes
17663newsML.txt,EdnaFernandes
222272newsML.txt,EdnaFernandes
206049newsML.txt,EdnaFernandes
202011newsML.txt,EdnaFernandes
195876newsML.txt,EdnaFernandes
134683newsML.txt,EdnaFernandes
199226newsML.txt,EdnaFernandes
117960newsML.txt,EdnaFernandes
126181newsML.txt,EdnaFernandes
225507newsML.txt,EdnaFernandes
116448newsML.txt,EdnaFernandes
214915newsML.txt,EdnaFernandes
216658newsML.txt,EdnaFernandes
230515newsML.txt,EdnaFernandes
17343newsML.txt,EdnaFernandes
179688newsML.txt,EdnaFernandes
214995newsML.txt,EdnaFernandes
184150newsML.txt,KevinMorrison
116890newsML.txt,KevinMorrison
256319newsML.txt,KevinMorrison
114198newsML.txt,KevinMorrison
198071newsML.txt,KevinMorrison
133461newsML.txt,KevinMorrison
241149newsML.txt,KevinMorrison
304259newsML.txt,KevinMorrison
218602newsML.txt,KevinMorrison
21536newsML.txt,KevinMorrison
184096newsML.txt,KevinMorrison
247636newsML.txt,KevinMorrison
235532newsML.txt,KevinMorrison
256350newsML.txt,KevinMorrison
278563newsML.txt,KevinMorrison
110703newsML.txt,KevinMorrison
218625newsML.txt,KevinMorrison
221518newsML.txt,KevinMorrison
256349newsML.txt,KevinMorrison
247652newsML.txt,KevinMorrison
244698newsML.txt,KevinMorrison
256320newsML.txt,KevinMorrison
171096newsML.txt,KevinMorrison
109875newsML.txt,KevinMorrison
184143newsML.txt,KevinMorrison
105191newsML.txt,KevinMorrison
292246newsML.txt,KevinMorrison
15226newsML.txt,KevinMorrison
244696newsML.txt,KevinMorrison
255906newsML.txt,KevinMorrison
125545newsML.txt,KevinMorrison
115436newsML.txt,KevinMorrison
125098newsML.txt,KevinMorrison
109876newsML.txt,KevinMorrison
176105newsML.txt,KevinMorrison
292666newsML.txt,KevinMorrison
229778newsML.txt,KevinMorrison
247668newsML.txt,KevinMorrison
138954newsML.txt,KevinMorrison
18329newsML.txt,KevinMorrison
244734newsML.txt,KevinMorrison
223858newsML.txt,KevinMorrison
247671newsML.txt,KevinMorrison
221509newsML.txt,KevinMorrison
221499newsML.txt,KevinMorrison
247635newsML.txt,KevinMorrison
2730newsML.txt,KevinMorrison
297804newsML.txt,KevinMorrison
278908newsML.txt,KevinMorrison
223897newsML.txt,KevinMorrison
213090newsML.txt,SamuelPerry
212471newsML.txt,SamuelPerry
273216newsML.txt,SamuelPerry
297101newsML.txt,SamuelPerry
31339newsML.txt,SamuelPerry
247516newsML.txt,SamuelPerry
242117newsML.txt,SamuelPerry
120398newsML.txt,SamuelPerry
142698newsML.txt,SamuelPerry
247268newsML.txt,SamuelPerry
180753newsML.txt,SamuelPerry
313966newsML.txt,SamuelPerry
137812newsML.txt,SamuelPerry
196870newsML.txt,SamuelPerry
151392newsML.txt,SamuelPerry
195461newsML.txt,SamuelPerry
10781newsML.txt,SamuelPerry
175043newsML.txt,SamuelPerry
105557newsML.txt,SamuelPerry
138944newsML.txt,SamuelPerry
181711newsML.txt,SamuelPerry
268174newsML.txt,SamuelPerry
218057newsML.txt,SamuelPerry
310667newsML.txt,SamuelPerry
189155newsML.txt,SamuelPerry
207747newsML.txt,SamuelPerry
25052newsML.txt,SamuelPerry
168565newsML.txt,SamuelPerry
293806newsML.txt,SamuelPerry
207693newsML.txt,SamuelPerry
196664newsML.txt,SamuelPerry
150672newsML.txt,SamuelPerry
178271newsML.txt,SamuelPerry
177032newsML.txt,SamuelPerry
160066newsML.txt,SamuelPerry
144030newsML.txt,SamuelPerry
242528newsML.txt,SamuelPerry
206811newsML.txt,SamuelPerry
309801newsML.txt,SamuelPerry
197518newsML.txt,SamuelPerry
312805newsML.txt,SamuelPerry
26550newsML.txt,SamuelPerry
193298newsML.txt,SamuelPerry
134566newsML.txt,SamuelPerry
137035newsML.txt,SamuelPerry
157604newsML.txt,SamuelPerry
178647newsML.txt,SamuelPerry
199947newsML.txt,SamuelPerry
158945newsML.txt,SamuelPerry
195465newsML.txt,SamuelPerry
153684newsML.txt,PatriciaCommins
123628newsML.txt,PatriciaCommins
203296newsML.txt,PatriciaCommins
217368newsML.txt,PatriciaCommins
283991newsML.txt,PatriciaCommins
258801newsML.txt,PatriciaCommins
117099newsML.txt,PatriciaCommins
142736newsML.txt,PatriciaCommins
102551newsML.txt,PatriciaCommins
132671newsML.txt,PatriciaCommins
267178newsML.txt,PatriciaCommins
15778newsML.txt,PatriciaCommins
18217newsML.txt,PatriciaCommins
255134newsML.txt,PatriciaCommins
156759newsML.txt,PatriciaCommins
120569newsML.txt,PatriciaCommins
291177newsML.txt,PatriciaCommins
178068newsML.txt,PatriciaCommins
108222newsML.txt,PatriciaCommins
255733newsML.txt,PatriciaCommins
209945newsML.txt,PatriciaCommins
231178newsML.txt,PatriciaCommins
205566newsML.txt,PatriciaCommins
213454newsML.txt,PatriciaCommins
2296newsML.txt,PatriciaCommins
237159newsML.txt,PatriciaCommins
114356newsML.txt,PatriciaCommins
209925newsML.txt,PatriciaCommins
123595newsML.txt,PatriciaCommins
142683newsML.txt,PatriciaCommins
270137newsML.txt,PatriciaCommins
108443newsML.txt,PatriciaCommins
123987newsML.txt,PatriciaCommins
251195newsML.txt,PatriciaCommins
288774newsML.txt,PatriciaCommins
102793newsML.txt,PatriciaCommins
264335newsML.txt,PatriciaCommins
143591newsML.txt,PatriciaCommins
178089newsML.txt,PatriciaCommins
140446newsML.txt,PatriciaCommins
120588newsML.txt,PatriciaCommins
251347newsML.txt,PatriciaCommins
102719newsML.txt,PatriciaCommins
126714newsML.txt,PatriciaCommins
143765newsML.txt,PatriciaCommins
114859newsML.txt,PatriciaCommins
114428newsML.txt,PatriciaCommins
125965newsML.txt,PatriciaCommins
18739newsML.txt,PatriciaCommins
259000newsML.txt,PatriciaCommins
195805newsML.txt,JohnMastrini
179858newsML.txt,JohnMastrini
230504newsML.txt,JohnMastrini
266394newsML.txt,JohnMastrini
156033newsML.txt,JohnMastrini
156301newsML.txt,JohnMastrini
207961newsML.txt,JohnMastrini
195069newsML.txt,JohnMastrini
260915newsML.txt,JohnMastrini
263486newsML.txt,JohnMastrini
258383newsML.txt,JohnMastrini
26311newsML.txt,JohnMastrini
202307newsML.txt,JohnMastrini
266601newsML.txt,JohnMastrini
216927newsML.txt,JohnMastrini
18320newsML.txt,JohnMastrini
212832newsML.txt,JohnMastrini
105045newsML.txt,JohnMastrini
266669newsML.txt,JohnMastrini
18519newsML.txt,JohnMastrini
18297newsML.txt,JohnMastrini
192116newsML.txt,JohnMastrini
177540newsML.txt,JohnMastrini
13806newsML.txt,JohnMastrini
123158newsML.txt,JohnMastrini
195181newsML.txt,JohnMastrini
27007newsML.txt,JohnMastrini
272887newsML.txt,JohnMastrini
18529newsML.txt,JohnMastrini
133171newsML.txt,JohnMastrini
260917newsML.txt,JohnMastrini
269377newsML.txt,JohnMastrini
242893newsML.txt,JohnMastrini
205953newsML.txt,JohnMastrini
236594newsML.txt,JohnMastrini
21246newsML.txt,JohnMastrini
161715newsML.txt,JohnMastrini
153158newsML.txt,JohnMastrini
239149newsML.txt,JohnMastrini
263693newsML.txt,JohnMastrini
156054newsML.txt,JohnMastrini
22903newsML.txt,JohnMastrini
281893newsML.txt,JohnMastrini
194494newsML.txt,JohnMastrini
159754newsML.txt,JohnMastrini
194608newsML.txt,JohnMastrini
258334newsML.txt,JohnMastrini
192052newsML.txt,JohnMastrini
212289newsML.txt,JohnMastrini
242192newsML.txt,JohnMastrini
288397newsML.txt,JanLopatka
293006newsML.txt,JanLopatka
15669newsML.txt,JanLopatka
172514newsML.txt,JanLopatka
196127newsML.txt,JanLopatka
126345newsML.txt,JanLopatka
156044newsML.txt,JanLopatka
102211newsML.txt,JanLopatka
169004newsML.txt,JanLopatka
123170newsML.txt,JanLopatka
192103newsML.txt,JanLopatka
194663newsML.txt,JanLopatka
260918newsML.txt,JanLopatka
295717newsML.txt,JanLopatka
226489newsML.txt,JanLopatka
104879newsML.txt,JanLopatka
263451newsML.txt,JanLopatka
177552newsML.txt,JanLopatka
194664newsML.txt,JanLopatka
220837newsML.txt,JanLopatka
293216newsML.txt,JanLopatka
290685newsML.txt,JanLopatka
101886newsML.txt,JanLopatka
260914newsML.txt,JanLopatka
159744newsML.txt,JanLopatka
159487newsML.txt,JanLopatka
293018newsML.txt,JanLopatka
222478newsML.txt,JanLopatka
185875newsML.txt,JanLopatka
182102newsML.txt,JanLopatka
263741newsML.txt,JanLopatka
26976newsML.txt,JanLopatka
228103newsML.txt,JanLopatka
175835newsML.txt,JanLopatka
224921newsML.txt,JanLopatka
27569newsML.txt,JanLopatka
194352newsML.txt,JanLopatka
254538newsML.txt,JanLopatka
182167newsML.txt,JanLopatka
192053newsML.txt,JanLopatka
230755newsML.txt,JanLopatka
175940newsML.txt,JanLopatka
228154newsML.txt,JanLopatka
202372newsML.txt,JanLopatka
163409newsML.txt,JanLopatka
185855newsML.txt,JanLopatka
163094newsML.txt,JanLopatka
10626newsML.txt,JanLopatka
10224newsML.txt,JanLopatka
222246newsML.txt,JanLopatka
10771newsML.txt,KevinDrawbaugh
269637newsML.txt,KevinDrawbaugh
108321newsML.txt,KevinDrawbaugh
137616newsML.txt,KevinDrawbaugh
283396newsML.txt,KevinDrawbaugh
143586newsML.txt,KevinDrawbaugh
291432newsML.txt,KevinDrawbaugh
11690newsML.txt,KevinDrawbaugh
113464newsML.txt,KevinDrawbaugh
137481newsML.txt,KevinDrawbaugh
305957newsML.txt,KevinDrawbaugh
154378newsML.txt,KevinDrawbaugh
249404newsML.txt,KevinDrawbaugh
178086newsML.txt,KevinDrawbaugh
105399newsML.txt,KevinDrawbaugh
259009newsML.txt,KevinDrawbaugh
100163newsML.txt,KevinDrawbaugh
299416newsML.txt,KevinDrawbaugh
290996newsML.txt,KevinDrawbaugh
154388newsML.txt,KevinDrawbaugh
173045newsML.txt,KevinDrawbaugh
317846newsML.txt,KevinDrawbaugh
290199newsML.txt,KevinDrawbaugh
126026newsML.txt,KevinDrawbaugh
293808newsML.txt,KevinDrawbaugh
110981newsML.txt,KevinDrawbaugh
102702newsML.txt,KevinDrawbaugh
110894newsML.txt,KevinDrawbaugh
249305newsML.txt,KevinDrawbaugh
191657newsML.txt,KevinDrawbaugh
130811newsML.txt,KevinDrawbaugh
243558newsML.txt,KevinDrawbaugh
323618newsML.txt,KevinDrawbaugh
11692newsML.txt,KevinDrawbaugh
100485newsML.txt,KevinDrawbaugh
13838newsML.txt,KevinDrawbaugh
120486newsML.txt,KevinDrawbaugh
16057newsML.txt,KevinDrawbaugh
233324newsML.txt,KevinDrawbaugh
137042newsML.txt,KevinDrawbaugh
143738newsML.txt,KevinDrawbaugh
2906newsML.txt,KevinDrawbaugh
311940newsML.txt,KevinDrawbaugh
283914newsML.txt,KevinDrawbaugh
293659newsML.txt,KevinDrawbaugh
270070newsML.txt,KevinDrawbaugh
248401newsML.txt,KevinDrawbaugh
291190newsML.txt,KevinDrawbaugh
284178newsML.txt,KevinDrawbaugh
133777newsML.txt,KevinDrawbaugh
261076newsML.txt,KarlPenhaul
236734newsML.txt,KarlPenhaul
263931newsML.txt,KarlPenhaul
263877newsML.txt,KarlPenhaul
266934newsML.txt,KarlPenhaul
242202newsML.txt,KarlPenhaul
311686newsML.txt,KarlPenhaul
254655newsML.txt,KarlPenhaul
286977newsML.txt,KarlPenhaul
217081newsML.txt,KarlPenhaul
293437newsML.txt,KarlPenhaul
136654newsML.txt,KarlPenhaul
140181newsML.txt,KarlPenhaul
293363newsML.txt,KarlPenhaul
293377newsML.txt,KarlPenhaul
227159newsML.txt,KarlPenhaul
251933newsML.txt,KarlPenhaul
295872newsML.txt,KarlPenhaul
129041newsML.txt,KarlPenhaul
266933newsML.txt,KarlPenhaul
254777newsML.txt,KarlPenhaul
269494newsML.txt,KarlPenhaul
217140newsML.txt,KarlPenhaul
179986newsML.txt,KarlPenhaul
202500newsML.txt,KarlPenhaul
305571newsML.txt,KarlPenhaul
236854newsML.txt,KarlPenhaul
343706newsML.txt,KarlPenhaul
228172newsML.txt,KarlPenhaul
133336newsML.txt,KarlPenhaul
314809newsML.txt,KarlPenhaul
281959newsML.txt,KarlPenhaul
305637newsML.txt,KarlPenhaul
349781newsML.txt,KarlPenhaul
123422newsML.txt,KarlPenhaul
186082newsML.txt,KarlPenhaul
334589newsML.txt,KarlPenhaul
314740newsML.txt,KarlPenhaul
126553newsML.txt,KarlPenhaul
130351newsML.txt,KarlPenhaul
261073newsML.txt,KarlPenhaul
243366newsML.txt,KarlPenhaul
195207newsML.txt,KarlPenhaul
110696newsML.txt,KarlPenhaul
156487newsML.txt,KarlPenhaul
156602newsML.txt,KarlPenhaul
258467newsML.txt,KarlPenhaul
333463newsML.txt,KarlPenhaul
143439newsML.txt,KarlPenhaul
228182newsML.txt,KarlPenhaul
101547newsML.txt,MartinWolk
315688newsML.txt,MartinWolk
100375newsML.txt,MartinWolk
127318newsML.txt,MartinWolk
20801newsML.txt,MartinWolk
13568newsML.txt,MartinWolk
16678newsML.txt,MartinWolk
11750newsML.txt,MartinWolk
312192newsML.txt,MartinWolk
182849newsML.txt,MartinWolk
257342newsML.txt,MartinWolk
174033newsML.txt,MartinWolk
140462newsML.txt,MartinWolk
257926newsML.txt,MartinWolk
203663newsML.txt,MartinWolk
275458newsML.txt,MartinWolk
108184newsML.txt,MartinWolk
130622newsML.txt,MartinWolk
108730newsML.txt,MartinWolk
290078newsML.txt,MartinWolk
258793newsML.txt,MartinWolk
316912newsML.txt,MartinWolk
259308newsML.txt,MartinWolk
276214newsML.txt,MartinWolk
295347newsML.txt,MartinWolk
302120newsML.txt,MartinWolk
259796newsML.txt,MartinWolk
274876newsML.txt,MartinWolk
285485newsML.txt,MartinWolk
309552newsML.txt,MartinWolk
318853newsML.txt,MartinWolk
162155newsML.txt,MartinWolk
132308newsML.txt,MartinWolk
232346newsML.txt,MartinWolk
257622newsML.txt,MartinWolk
311937newsML.txt,MartinWolk
130730newsML.txt,MartinWolk
143574newsML.txt,MartinWolk
319110newsML.txt,MartinWolk
22286newsML.txt,MartinWolk
317025newsML.txt,MartinWolk
158943newsML.txt,MartinWolk
202582newsML.txt,MartinWolk
2538newsML.txt,MartinWolk
183836newsML.txt,MartinWolk
157448newsML.txt,MartinWolk
132566newsML.txt,MartinWolk
127151newsML.txt,MartinWolk
15583newsML.txt,MartinWolk
130607newsML.txt,MartinWolk
253868newsML.txt,ScottHillis
208266newsML.txt,ScottHillis
140340newsML.txt,ScottHillis
310466newsML.txt,ScottHillis
318742newsML.txt,ScottHillis
199747newsML.txt,ScottHillis
159412newsML.txt,ScottHillis
299129newsML.txt,ScottHillis
295992newsML.txt,ScottHillis
136771newsML.txt,ScottHillis
305692newsML.txt,ScottHillis
143454newsML.txt,ScottHillis
321513newsML.txt,ScottHillis
301673newsML.txt,ScottHillis
295436newsML.txt,ScottHillis
232758newsML.txt,ScottHillis
244999newsML.txt,ScottHillis
318653newsML.txt,ScottHillis
184219newsML.txt,ScottHillis
126593newsML.txt,ScottHillis
195357newsML.txt,ScottHillis
125213newsML.txt,ScottHillis
198216newsML.txt,ScottHillis
282007newsML.txt,ScottHillis
314875newsML.txt,ScottHillis
130513newsML.txt,ScottHillis
123483newsML.txt,ScottHillis
289837newsML.txt,ScottHillis
140273newsML.txt,ScottHillis
345375newsML.txt,ScottHillis
123507newsML.txt,ScottHillis
340736newsML.txt,ScottHillis
256974newsML.txt,ScottHillis
136805newsML.txt,ScottHillis
287502newsML.txt,ScottHillis
209835newsML.txt,ScottHillis
161138newsML.txt,ScottHillis
142465newsML.txt,ScottHillis
158507newsML.txt,ScottHillis
250880newsML.txt,ScottHillis
334739newsML.txt,ScottHillis
195353newsML.txt,ScottHillis
116929newsML.txt,ScottHillis
292263newsML.txt,ScottHillis
145712newsML.txt,ScottHillis
194787newsML.txt,ScottHillis
340709newsML.txt,ScottHillis
133498newsML.txt,ScottHillis
254803newsML.txt,ScottHillis
165123newsML.txt,ScottHillis
154151newsML.txt,DavidLawder
156823newsML.txt,DavidLawder
159135newsML.txt,DavidLawder
173935newsML.txt,DavidLawder
153794newsML.txt,DavidLawder
113212newsML.txt,DavidLawder
146470newsML.txt,DavidLawder
148087newsML.txt,DavidLawder
150717newsML.txt,DavidLawder
110108newsML.txt,DavidLawder
170305newsML.txt,DavidLawder
114353newsML.txt,DavidLawder
154150newsML.txt,DavidLawder
161920newsML.txt,DavidLawder
110883newsML.txt,DavidLawder
162531newsML.txt,DavidLawder
160026newsML.txt,DavidLawder
160411newsML.txt,DavidLawder
144314newsML.txt,DavidLawder
105327newsML.txt,DavidLawder
161907newsML.txt,DavidLawder
164658newsML.txt,DavidLawder
157447newsML.txt,DavidLawder
157860newsML.txt,DavidLawder
108359newsML.txt,DavidLawder
144031newsML.txt,DavidLawder
136026newsML.txt,DavidLawder
148055newsML.txt,DavidLawder
113338newsML.txt,DavidLawder
161720newsML.txt,DavidLawder
140545newsML.txt,DavidLawder
126028newsML.txt,DavidLawder
146321newsML.txt,DavidLawder
156769newsML.txt,DavidLawder
142715newsML.txt,DavidLawder
102529newsML.txt,DavidLawder
13547newsML.txt,DavidLawder
15588newsML.txt,DavidLawder
117148newsML.txt,DavidLawder
162152newsML.txt,DavidLawder
148624newsML.txt,DavidLawder
127143newsML.txt,DavidLawder
163873newsML.txt,DavidLawder
145801newsML.txt,DavidLawder
105834newsML.txt,DavidLawder
126792newsML.txt,DavidLawder
105756newsML.txt,DavidLawder
148215newsML.txt,DavidLawder
162027newsML.txt,DavidLawder
160765newsML.txt,DavidLawder
395779newsML.txt,FumikoFujisaki
114292newsML.txt,FumikoFujisaki
214194newsML.txt,FumikoFujisaki
232740newsML.txt,FumikoFujisaki
168234newsML.txt,FumikoFujisaki
257754newsML.txt,FumikoFujisaki
25542newsML.txt,FumikoFujisaki
192472newsML.txt,FumikoFujisaki
142116newsML.txt,FumikoFujisaki
162426newsML.txt,FumikoFujisaki
126656newsML.txt,FumikoFujisaki
383379newsML.txt,FumikoFujisaki
142460newsML.txt,FumikoFujisaki
28301newsML.txt,FumikoFujisaki
189025newsML.txt,FumikoFujisaki
140372newsML.txt,FumikoFujisaki
326601newsML.txt,FumikoFujisaki
271169newsML.txt,FumikoFujisaki
103993newsML.txt,FumikoFujisaki
10028newsML.txt,FumikoFujisaki
184337newsML.txt,FumikoFujisaki
209817newsML.txt,FumikoFujisaki
123528newsML.txt,FumikoFujisaki
155075newsML.txt,FumikoFujisaki
208614newsML.txt,FumikoFujisaki
215310newsML.txt,FumikoFujisaki
221583newsML.txt,FumikoFujisaki
168224newsML.txt,FumikoFujisaki
348849newsML.txt,FumikoFujisaki
257487newsML.txt,FumikoFujisaki
330736newsML.txt,FumikoFujisaki
133528newsML.txt,FumikoFujisaki
348688newsML.txt,FumikoFujisaki
13494newsML.txt,FumikoFujisaki
357074newsML.txt,FumikoFujisaki
247828newsML.txt,FumikoFujisaki
313599newsML.txt,FumikoFujisaki
392201newsML.txt,FumikoFujisaki
167905newsML.txt,FumikoFujisaki
23340newsML.txt,FumikoFujisaki
167727newsML.txt,FumikoFujisaki
257776newsML.txt,FumikoFujisaki
265694newsML.txt,FumikoFujisaki
132085newsML.txt,FumikoFujisaki
34837newsML.txt,FumikoFujisaki
134268newsML.txt,FumikoFujisaki
320052newsML.txt,FumikoFujisaki
178863newsML.txt,FumikoFujisaki
358900newsML.txt,FumikoFujisaki
402531newsML.txt,FumikoFujisaki
141744newsML.txt,MarcelMichelson
222937newsML.txt,MarcelMichelson
148534newsML.txt,MarcelMichelson
187829newsML.txt,MarcelMichelson
134919newsML.txt,MarcelMichelson
221246newsML.txt,MarcelMichelson
22884newsML.txt,MarcelMichelson
144618newsML.txt,MarcelMichelson
141667newsML.txt,MarcelMichelson
217650newsML.txt,MarcelMichelson
147835newsML.txt,MarcelMichelson
200818newsML.txt,MarcelMichelson
140842newsML.txt,MarcelMichelson
20886newsML.txt,MarcelMichelson
184864newsML.txt,MarcelMichelson
158085newsML.txt,MarcelMichelson
140849newsML.txt,MarcelMichelson
148549newsML.txt,MarcelMichelson
115199newsML.txt,MarcelMichelson
129426newsML.txt,MarcelMichelson
143829newsML.txt,MarcelMichelson
142386newsML.txt,MarcelMichelson
200991newsML.txt,MarcelMichelson
217645newsML.txt,MarcelMichelson
229499newsML.txt,MarcelMichelson
137480newsML.txt,MarcelMichelson
129351newsML.txt,MarcelMichelson
115160newsML.txt,MarcelMichelson
141746newsML.txt,MarcelMichelson
218344newsML.txt,MarcelMichelson
174150newsML.txt,MarcelMichelson
121701newsML.txt,MarcelMichelson
171548newsML.txt,MarcelMichelson
134931newsML.txt,MarcelMichelson
18555newsML.txt,MarcelMichelson
108487newsML.txt,MarcelMichelson
197891newsML.txt,MarcelMichelson
210745newsML.txt,MarcelMichelson
203406newsML.txt,MarcelMichelson
121654newsML.txt,MarcelMichelson
134055newsML.txt,MarcelMichelson
16949newsML.txt,MarcelMichelson
128737newsML.txt,MarcelMichelson
150780newsML.txt,MarcelMichelson
144673newsML.txt,MarcelMichelson
137247newsML.txt,MarcelMichelson
171152newsML.txt,MarcelMichelson
221119newsML.txt,MarcelMichelson
200130newsML.txt,MarcelMichelson
137362newsML.txt,MarcelMichelson
13825newsML.txt,NickLouth
155834newsML.txt,NickLouth
10799newsML.txt,NickLouth
112673newsML.txt,NickLouth
140553newsML.txt,NickLouth
136074newsML.txt,NickLouth
161927newsML.txt,NickLouth
133736newsML.txt,NickLouth
162682newsML.txt,NickLouth
136895newsML.txt,NickLouth
164659newsML.txt,NickLouth
133837newsML.txt,NickLouth
120416newsML.txt,NickLouth
159997newsML.txt,NickLouth
137486newsML.txt,NickLouth
162894newsML.txt,NickLouth
182667newsML.txt,NickLouth
13951newsML.txt,NickLouth
160349newsML.txt,NickLouth
117081newsML.txt,NickLouth
135866newsML.txt,NickLouth
162540newsML.txt,NickLouth
160344newsML.txt,NickLouth
162177newsML.txt,NickLouth
105567newsML.txt,NickLouth
119266newsML.txt,NickLouth
130621newsML.txt,NickLouth
116073newsML.txt,NickLouth
123754newsML.txt,NickLouth
162020newsML.txt,NickLouth
154642newsML.txt,NickLouth
136039newsML.txt,NickLouth
164455newsML.txt,NickLouth
137483newsML.txt,NickLouth
165338newsML.txt,NickLouth
13391newsML.txt,NickLouth
163897newsML.txt,NickLouth
110904newsML.txt,NickLouth
120591newsML.txt,NickLouth
116176newsML.txt,NickLouth
180293newsML.txt,NickLouth
108449newsML.txt,NickLouth
123878newsML.txt,NickLouth
159095newsML.txt,NickLouth
18798newsML.txt,NickLouth
162173newsML.txt,NickLouth
162521newsML.txt,NickLouth
13930newsML.txt,NickLouth
16038newsML.txt,NickLouth
121030newsML.txt,NickLouth
174369newsML.txt,DarrenSchuettler
205458newsML.txt,DarrenSchuettler
383585newsML.txt,DarrenSchuettler
175068newsML.txt,DarrenSchuettler
159589newsML.txt,DarrenSchuettler
144044newsML.txt,DarrenSchuettler
245782newsML.txt,DarrenSchuettler
202141newsML.txt,DarrenSchuettler
233587newsML.txt,DarrenSchuettler
144056newsML.txt,DarrenSchuettler
248687newsML.txt,DarrenSchuettler
358675newsML.txt,DarrenSchuettler
237697newsML.txt,DarrenSchuettler
143081newsML.txt,DarrenSchuettler
104405newsML.txt,DarrenSchuettler
139755newsML.txt,DarrenSchuettler
236470newsML.txt,DarrenSchuettler
130075newsML.txt,DarrenSchuettler
208913newsML.txt,DarrenSchuettler
245783newsML.txt,DarrenSchuettler
294932newsML.txt,DarrenSchuettler
129448newsML.txt,DarrenSchuettler
224985newsML.txt,DarrenSchuettler
12897newsML.txt,DarrenSchuettler
348501newsML.txt,DarrenSchuettler
213721newsML.txt,DarrenSchuettler
128985newsML.txt,DarrenSchuettler
236266newsML.txt,DarrenSchuettler
162018newsML.txt,DarrenSchuettler
213544newsML.txt,DarrenSchuettler
10663newsML.txt,DarrenSchuettler
364643newsML.txt,DarrenSchuettler
34117newsML.txt,DarrenSchuettler
168489newsML.txt,DarrenSchuettler
181864newsML.txt,DarrenSchuettler
161718newsML.txt,DarrenSchuettler
377885newsML.txt,DarrenSchuettler
222130newsML.txt,DarrenSchuettler
216814newsML.txt,DarrenSchuettler
219645newsML.txt,DarrenSchuettler
234713newsML.txt,DarrenSchuettler
144792newsML.txt,DarrenSchuettler
290521newsML.txt,DarrenSchuettler
364638newsML.txt,DarrenSchuettler
111941newsML.txt,DarrenSchuettler
159595newsML.txt,DarrenSchuettler
377897newsML.txt,DarrenSchuettler
156181newsML.txt,DarrenSchuettler
172235newsML.txt,DarrenSchuettler
159399newsML.txt,DarrenSchuettler
126643newsML.txt,WilliamKazer
247909newsML.txt,WilliamKazer
239878newsML.txt,WilliamKazer
188958newsML.txt,WilliamKazer
278687newsML.txt,WilliamKazer
258689newsML.txt,WilliamKazer
148885newsML.txt,WilliamKazer
247720newsML.txt,WilliamKazer
246276newsML.txt,WilliamKazer
257526newsML.txt,WilliamKazer
153448newsML.txt,WilliamKazer
28223newsML.txt,WilliamKazer
214207newsML.txt,WilliamKazer
222819newsML.txt,WilliamKazer
180188newsML.txt,WilliamKazer
113097newsML.txt,WilliamKazer
143490newsML.txt,WilliamKazer
206559newsML.txt,WilliamKazer
202888newsML.txt,WilliamKazer
196734newsML.txt,WilliamKazer
287736newsML.txt,WilliamKazer
268647newsML.txt,WilliamKazer
108094newsML.txt,WilliamKazer
147523newsML.txt,WilliamKazer
304402newsML.txt,WilliamKazer
281216newsML.txt,WilliamKazer
264132newsML.txt,WilliamKazer
178884newsML.txt,WilliamKazer
101226newsML.txt,WilliamKazer
125333newsML.txt,WilliamKazer
12909newsML.txt,WilliamKazer
106731newsML.txt,WilliamKazer
178505newsML.txt,WilliamKazer
2430newsML.txt,WilliamKazer
235763newsML.txt,WilliamKazer
105226newsML.txt,WilliamKazer
195340newsML.txt,WilliamKazer
113095newsML.txt,WilliamKazer
169626newsML.txt,WilliamKazer
118912newsML.txt,WilliamKazer
289747newsML.txt,WilliamKazer
10321newsML.txt,WilliamKazer
208244newsML.txt,WilliamKazer
115519newsML.txt,WilliamKazer
209813newsML.txt,WilliamKazer
165109newsML.txt,WilliamKazer
129188newsML.txt,WilliamKazer
282935newsML.txt,WilliamKazer
247829newsML.txt,WilliamKazer
123484newsML.txt,WilliamKazer
195093newsML.txt,TanEeLyn
253732newsML.txt,TanEeLyn
113074newsML.txt,TanEeLyn
266981newsML.txt,TanEeLyn
153426newsML.txt,TanEeLyn
169589newsML.txt,TanEeLyn
392182newsML.txt,TanEeLyn
273117newsML.txt,TanEeLyn
301674newsML.txt,TanEeLyn
462149newsML.txt,TanEeLyn
41230newsML.txt,TanEeLyn
417677newsML.txt,TanEeLyn
123487newsML.txt,TanEeLyn
155113newsML.txt,TanEeLyn
253869newsML.txt,TanEeLyn
281155newsML.txt,TanEeLyn
426779newsML.txt,TanEeLyn
241238newsML.txt,TanEeLyn
186184newsML.txt,TanEeLyn
381228newsML.txt,TanEeLyn
283835newsML.txt,TanEeLyn
192410newsML.txt,TanEeLyn
108092newsML.txt,TanEeLyn
190418newsML.txt,TanEeLyn
169609newsML.txt,TanEeLyn
192393newsML.txt,TanEeLyn
446979newsML.txt,TanEeLyn
395666newsML.txt,TanEeLyn
392471newsML.txt,TanEeLyn
110751newsML.txt,TanEeLyn
243445newsML.txt,TanEeLyn
113062newsML.txt,TanEeLyn
242294newsML.txt,TanEeLyn
336357newsML.txt,TanEeLyn
462146newsML.txt,TanEeLyn
27284newsML.txt,TanEeLyn
422392newsML.txt,TanEeLyn
163670newsML.txt,TanEeLyn
380721newsML.txt,TanEeLyn
381221newsML.txt,TanEeLyn
456180newsML.txt,TanEeLyn
409157newsML.txt,TanEeLyn
246306newsML.txt,TanEeLyn
250726newsML.txt,TanEeLyn
250732newsML.txt,TanEeLyn
380733newsML.txt,TanEeLyn
271710newsML.txt,TanEeLyn
127958newsML.txt,TanEeLyn
264108newsML.txt,TanEeLyn
31955newsML.txt,TanEeLyn
240967newsML.txt,PierreTran
315959newsML.txt,PierreTran
220430newsML.txt,PierreTran
319304newsML.txt,PierreTran
134014newsML.txt,PierreTran
120914newsML.txt,PierreTran
304051newsML.txt,PierreTran
221117newsML.txt,PierreTran
335319newsML.txt,PierreTran
134012newsML.txt,PierreTran
257759newsML.txt,PierreTran
187064newsML.txt,PierreTran
243837newsML.txt,PierreTran
322947newsML.txt,PierreTran
37710newsML.txt,PierreTran
231585newsML.txt,PierreTran
103612newsML.txt,PierreTran
114726newsML.txt,PierreTran
259821newsML.txt,PierreTran
261933newsML.txt,PierreTran
257760newsML.txt,PierreTran
166855newsML.txt,PierreTran
203527newsML.txt,PierreTran
29116newsML.txt,PierreTran
303195newsML.txt,PierreTran
103156newsML.txt,PierreTran
270873newsML.txt,PierreTran
114507newsML.txt,PierreTran
120892newsML.txt,PierreTran
117510newsML.txt,PierreTran
286787newsML.txt,PierreTran
203401newsML.txt,PierreTran
37762newsML.txt,PierreTran
379739newsML.txt,PierreTran
322828newsML.txt,PierreTran
100796newsML.txt,PierreTran
204524newsML.txt,PierreTran
131651newsML.txt,PierreTran
135536newsML.txt,PierreTran
137348newsML.txt,PierreTran
335078newsML.txt,PierreTran
121060newsML.txt,PierreTran
111120newsML.txt,PierreTran
37690newsML.txt,PierreTran
169998newsML.txt,PierreTran
200399newsML.txt,PierreTran
121047newsML.txt,PierreTran
193894newsML.txt,PierreTran
244133newsML.txt,PierreTran
257666newsML.txt,PierreTran
231856newsML.txt,HeatherScoffield
152972newsML.txt,HeatherScoffield
184769newsML.txt,HeatherScoffield
125085newsML.txt,HeatherScoffield
238607newsML.txt,HeatherScoffield
251147newsML.txt,HeatherScoffield
101997newsML.txt,HeatherScoffield
163214newsML.txt,HeatherScoffield
119818newsML.txt,HeatherScoffield
250167newsML.txt,HeatherScoffield
216816newsML.txt,HeatherScoffield
219630newsML.txt,HeatherScoffield
248680newsML.txt,HeatherScoffield
104778newsML.txt,HeatherScoffield
195125newsML.txt,HeatherScoffield
301524newsML.txt,HeatherScoffield
21156newsML.txt,HeatherScoffield
251643newsML.txt,HeatherScoffield
2751newsML.txt,HeatherScoffield
217889newsML.txt,HeatherScoffield
230639newsML.txt,HeatherScoffield
224980newsML.txt,HeatherScoffield
133016newsML.txt,HeatherScoffield
227481newsML.txt,HeatherScoffield
260834newsML.txt,HeatherScoffield
266003newsML.txt,HeatherScoffield
219197newsML.txt,HeatherScoffield
295589newsML.txt,HeatherScoffield
110341newsML.txt,HeatherScoffield
233579newsML.txt,HeatherScoffield
204659newsML.txt,HeatherScoffield
233588newsML.txt,HeatherScoffield
175078newsML.txt,HeatherScoffield
258231newsML.txt,HeatherScoffield
175721newsML.txt,HeatherScoffield
243004newsML.txt,HeatherScoffield
263612newsML.txt,HeatherScoffield
187990newsML.txt,HeatherScoffield
133017newsML.txt,HeatherScoffield
252855newsML.txt,HeatherScoffield
222129newsML.txt,HeatherScoffield
168501newsML.txt,HeatherScoffield
266002newsML.txt,HeatherScoffield
147086newsML.txt,HeatherScoffield
15895newsML.txt,HeatherScoffield
191069newsML.txt,HeatherScoffield
165906newsML.txt,HeatherScoffield
298748newsML.txt,HeatherScoffield
248690newsML.txt,HeatherScoffield
129447newsML.txt,HeatherScoffield
138551newsML.txt,MureDickie
186174newsML.txt,MureDickie
225075newsML.txt,MureDickie
105255newsML.txt,MureDickie
137508newsML.txt,MureDickie
140299newsML.txt,MureDickie
11265newsML.txt,MureDickie
187394newsML.txt,MureDickie
211093newsML.txt,MureDickie
204883newsML.txt,MureDickie
188953newsML.txt,MureDickie
142229newsML.txt,MureDickie
125212newsML.txt,MureDickie
155055newsML.txt,MureDickie
199837newsML.txt,MureDickie
163678newsML.txt,MureDickie
126632newsML.txt,MureDickie
169608newsML.txt,MureDickie
102467newsML.txt,MureDickie
214186newsML.txt,MureDickie
209808newsML.txt,MureDickie
133488newsML.txt,MureDickie
120273newsML.txt,MureDickie
153427newsML.txt,MureDickie
169588newsML.txt,MureDickie
159960newsML.txt,MureDickie
192434newsML.txt,MureDickie
161833newsML.txt,MureDickie
11273newsML.txt,MureDickie
167928newsML.txt,MureDickie
108143newsML.txt,MureDickie
161084newsML.txt,MureDickie
156653newsML.txt,MureDickie
117025newsML.txt,MureDickie
130515newsML.txt,MureDickie
166433newsML.txt,MureDickie
182489newsML.txt,MureDickie
159932newsML.txt,MureDickie
196752newsML.txt,MureDickie
209826newsML.txt,MureDickie
174493newsML.txt,MureDickie
192419newsML.txt,MureDickie
15700newsML.txt,MureDickie
158417newsML.txt,MureDickie
118737newsML.txt,MureDickie
144988newsML.txt,MureDickie
176131newsML.txt,MureDickie
110742newsML.txt,MureDickie
222803newsML.txt,MureDickie
129103newsML.txt,MureDickie
360479newsML.txt,RogerFillion
357386newsML.txt,RogerFillion
352215newsML.txt,RogerFillion
177017newsML.txt,RogerFillion
351344newsML.txt,RogerFillion
154675newsML.txt,RogerFillion
181874newsML.txt,RogerFillion
171742newsML.txt,RogerFillion
173423newsML.txt,RogerFillion
214814newsML.txt,RogerFillion
283280newsML.txt,RogerFillion
32727newsML.txt,RogerFillion
172846newsML.txt,RogerFillion
231347newsML.txt,RogerFillion
215305newsML.txt,RogerFillion
155654newsML.txt,RogerFillion
139224newsML.txt,RogerFillion
186425newsML.txt,RogerFillion
186437newsML.txt,RogerFillion
237323newsML.txt,RogerFillion
217357newsML.txt,RogerFillion
168572newsML.txt,RogerFillion
150665newsML.txt,RogerFillion
369492newsML.txt,RogerFillion
361475newsML.txt,RogerFillion
252404newsML.txt,RogerFillion
267134newsML.txt,RogerFillion
175177newsML.txt,RogerFillion
137485newsML.txt,RogerFillion
379567newsML.txt,RogerFillion
206783newsML.txt,RogerFillion
296312newsML.txt,RogerFillion
306326newsML.txt,RogerFillion
312253newsML.txt,RogerFillion
317583newsML.txt,RogerFillion
140752newsML.txt,RogerFillion
215313newsML.txt,RogerFillion
218296newsML.txt,RogerFillion
305787newsML.txt,RogerFillion
135924newsML.txt,RogerFillion
264342newsML.txt,RogerFillion
121036newsML.txt,RogerFillion
174058newsML.txt,RogerFillion
282184newsML.txt,RogerFillion
217899newsML.txt,RogerFillion
357213newsML.txt,RogerFillion
277122newsML.txt,RogerFillion
255709newsML.txt,RogerFillion
146861newsML.txt,RogerFillion
379555newsML.txt,RogerFillion
156681newsML.txt,JimGilchrist
186188newsML.txt,JimGilchrist
105222newsML.txt,JimGilchrist
206567newsML.txt,JimGilchrist
156695newsML.txt,JimGilchrist
117000newsML.txt,JimGilchrist
123517newsML.txt,JimGilchrist
133484newsML.txt,JimGilchrist
196713newsML.txt,JimGilchrist
130529newsML.txt,JimGilchrist
148847newsML.txt,JimGilchrist
138497newsML.txt,JimGilchrist
123524newsML.txt,JimGilchrist
182456newsML.txt,JimGilchrist
140355newsML.txt,JimGilchrist
110767newsML.txt,JimGilchrist
130525newsML.txt,JimGilchrist
11269newsML.txt,JimGilchrist
21567newsML.txt,JimGilchrist
186190newsML.txt,JimGilchrist
114262newsML.txt,JimGilchrist
11270newsML.txt,JimGilchrist
196712newsML.txt,JimGilchrist
147528newsML.txt,JimGilchrist
121948newsML.txt,JimGilchrist
130537newsML.txt,JimGilchrist
19345newsML.txt,JimGilchrist
172811newsML.txt,JimGilchrist
147557newsML.txt,JimGilchrist
133504newsML.txt,JimGilchrist
171185newsML.txt,JimGilchrist
147518newsML.txt,JimGilchrist
166456newsML.txt,JimGilchrist
103904newsML.txt,JimGilchrist
126622newsML.txt,JimGilchrist
180176newsML.txt,JimGilchrist
110715newsML.txt,JimGilchrist
143463newsML.txt,JimGilchrist
108091newsML.txt,JimGilchrist
159926newsML.txt,JimGilchrist
120244newsML.txt,JimGilchrist
126597newsML.txt,JimGilchrist
138486newsML.txt,JimGilchrist
147521newsML.txt,JimGilchrist
176224newsML.txt,JimGilchrist
123461newsML.txt,JimGilchrist
120242newsML.txt,JimGilchrist
206557newsML.txt,JimGilchrist
130535newsML.txt,JimGilchrist
166432newsML.txt,JimGilchrist
15944newsML.txt,BradDorfman
206764newsML.txt,BradDorfman
225133newsML.txt,BradDorfman
146870newsML.txt,BradDorfman
276360newsML.txt,BradDorfman
231427newsML.txt,BradDorfman
272513newsML.txt,BradDorfman
102760newsML.txt,BradDorfman
144035newsML.txt,BradDorfman
331819newsML.txt,BradDorfman
231868newsML.txt,BradDorfman
343945newsML.txt,BradDorfman
340946newsML.txt,BradDorfman
274879newsML.txt,BradDorfman
291066newsML.txt,BradDorfman
117102newsML.txt,BradDorfman
321736newsML.txt,BradDorfman
240151newsML.txt,BradDorfman
156808newsML.txt,BradDorfman
32215newsML.txt,BradDorfman
200749newsML.txt,BradDorfman
314102newsML.txt,BradDorfman
234712newsML.txt,BradDorfman
209880newsML.txt,BradDorfman
291619newsML.txt,BradDorfman
321585newsML.txt,BradDorfman
255717newsML.txt,BradDorfman
24388newsML.txt,BradDorfman
321667newsML.txt,BradDorfman
296368newsML.txt,BradDorfman
199931newsML.txt,BradDorfman
160089newsML.txt,BradDorfman
285403newsML.txt,BradDorfman
273212newsML.txt,BradDorfman
344834newsML.txt,BradDorfman
346831newsML.txt,BradDorfman
226801newsML.txt,BradDorfman
344162newsML.txt,BradDorfman
28462newsML.txt,BradDorfman
146644newsML.txt,BradDorfman
16033newsML.txt,BradDorfman
28928newsML.txt,BradDorfman
309066newsML.txt,BradDorfman
179121newsML.txt,BradDorfman
142661newsML.txt,BradDorfman
196808newsML.txt,BradDorfman
33758newsML.txt,BradDorfman
240124newsML.txt,BradDorfman
206841newsML.txt,BradDorfman
293661newsML.txt,BradDorfman
119516newsML.txt,AlanCrosby
213833newsML.txt,AlanCrosby
196144newsML.txt,AlanCrosby
126217newsML.txt,AlanCrosby
143222newsML.txt,AlanCrosby
199535newsML.txt,AlanCrosby
194349newsML.txt,AlanCrosby
128844newsML.txt,AlanCrosby
212834newsML.txt,AlanCrosby
133183newsML.txt,AlanCrosby
20910newsML.txt,AlanCrosby
136471newsML.txt,AlanCrosby
122806newsML.txt,AlanCrosby
123025newsML.txt,AlanCrosby
104278newsML.txt,AlanCrosby
185955newsML.txt,AlanCrosby
224640newsML.txt,AlanCrosby
194437newsML.txt,AlanCrosby
109906newsML.txt,AlanCrosby
213609newsML.txt,AlanCrosby
139110newsML.txt,AlanCrosby
225900newsML.txt,AlanCrosby
213896newsML.txt,AlanCrosby
156046newsML.txt,AlanCrosby
128393newsML.txt,AlanCrosby
206307newsML.txt,AlanCrosby
194667newsML.txt,AlanCrosby
140051newsML.txt,AlanCrosby
10306newsML.txt,AlanCrosby
216602newsML.txt,AlanCrosby
116293newsML.txt,AlanCrosby
142624newsML.txt,AlanCrosby
212203newsML.txt,AlanCrosby
125627newsML.txt,AlanCrosby
10650newsML.txt,AlanCrosby
21296newsML.txt,AlanCrosby
212274newsML.txt,AlanCrosby
156330newsML.txt,AlanCrosby
128405newsML.txt,AlanCrosby
110434newsML.txt,AlanCrosby
194611newsML.txt,AlanCrosby
101797newsML.txt,AlanCrosby
188747newsML.txt,AlanCrosby
135777newsML.txt,AlanCrosby
134960newsML.txt,AlanCrosby
113639newsML.txt,AlanCrosby
205959newsML.txt,AlanCrosby
217025newsML.txt,AlanCrosby
104277newsML.txt,AlanCrosby
122816newsML.txt,AlanCrosby
124585newsML.txt,JonathanBirt
339711newsML.txt,JonathanBirt
315525newsML.txt,JonathanBirt
331603newsML.txt,JonathanBirt
294343newsML.txt,JonathanBirt
225509newsML.txt,JonathanBirt
169040newsML.txt,JonathanBirt
29057newsML.txt,JonathanBirt
250638newsML.txt,JonathanBirt
293044newsML.txt,JonathanBirt
329893newsML.txt,JonathanBirt
200679newsML.txt,JonathanBirt
338594newsML.txt,JonathanBirt
331672newsML.txt,JonathanBirt
340119newsML.txt,JonathanBirt
289165newsML.txt,JonathanBirt
172185newsML.txt,JonathanBirt
300439newsML.txt,JonathanBirt
164502newsML.txt,JonathanBirt
163135newsML.txt,JonathanBirt
123004newsML.txt,JonathanBirt
165827newsML.txt,JonathanBirt
314382newsML.txt,JonathanBirt
26877newsML.txt,JonathanBirt
338600newsML.txt,JonathanBirt
200640newsML.txt,JonathanBirt
319856newsML.txt,JonathanBirt
201053newsML.txt,JonathanBirt
107612newsML.txt,JonathanBirt
116412newsML.txt,JonathanBirt
339075newsML.txt,JonathanBirt
137920newsML.txt,JonathanBirt
160360newsML.txt,JonathanBirt
174287newsML.txt,JonathanBirt
27668newsML.txt,JonathanBirt
106076newsML.txt,JonathanBirt
163111newsML.txt,JonathanBirt
219548newsML.txt,JonathanBirt
134647newsML.txt,JonathanBirt
232113newsML.txt,JonathanBirt
100677newsML.txt,JonathanBirt
230577newsML.txt,JonathanBirt
325858newsML.txt,JonathanBirt
28480newsML.txt,JonathanBirt
159532newsML.txt,JonathanBirt
116415newsML.txt,JonathanBirt
334243newsML.txt,JonathanBirt
167309newsML.txt,JonathanBirt
327653newsML.txt,JonathanBirt
31091newsML.txt,JonathanBirt
195350newsML.txt,BenjaminKangLim
15741newsML.txt,BenjaminKangLim
211064newsML.txt,BenjaminKangLim
192394newsML.txt,BenjaminKangLim
188955newsML.txt,BenjaminKangLim
188988newsML.txt,BenjaminKangLim
178518newsML.txt,BenjaminKangLim
231106newsML.txt,BenjaminKangLim
201374newsML.txt,BenjaminKangLim
241295newsML.txt,BenjaminKangLim
155439newsML.txt,BenjaminKangLim
145736newsML.txt,BenjaminKangLim
18363newsML.txt,BenjaminKangLim
150365newsML.txt,BenjaminKangLim
174581newsML.txt,BenjaminKangLim
24300newsML.txt,BenjaminKangLim
187423newsML.txt,BenjaminKangLim
12228newsML.txt,BenjaminKangLim
189031newsML.txt,BenjaminKangLim
151860newsML.txt,BenjaminKangLim
129162newsML.txt,BenjaminKangLim
133520newsML.txt,BenjaminKangLim
186173newsML.txt,BenjaminKangLim
155059newsML.txt,BenjaminKangLim
106762newsML.txt,BenjaminKangLim
241719newsML.txt,BenjaminKangLim
221670newsML.txt,BenjaminKangLim
190439newsML.txt,BenjaminKangLim
21575newsML.txt,BenjaminKangLim
235646newsML.txt,BenjaminKangLim
135232newsML.txt,BenjaminKangLim
118687newsML.txt,BenjaminKangLim
198232newsML.txt,BenjaminKangLim
166435newsML.txt,BenjaminKangLim
114204newsML.txt,BenjaminKangLim
146225newsML.txt,BenjaminKangLim
182490newsML.txt,BenjaminKangLim
177874newsML.txt,BenjaminKangLim
222816newsML.txt,BenjaminKangLim
102444newsML.txt,BenjaminKangLim
204845newsML.txt,BenjaminKangLim
232863newsML.txt,BenjaminKangLim
115482newsML.txt,BenjaminKangLim
145148newsML.txt,BenjaminKangLim
14439newsML.txt,BenjaminKangLim
214183newsML.txt,BenjaminKangLim
118614newsML.txt,BenjaminKangLim
110733newsML.txt,BenjaminKangLim
186199newsML.txt,BenjaminKangLim
112125newsML.txt,BenjaminKangLim
120387newsML.txt,TheresePoletti
287618newsML.txt,TheresePoletti
126708newsML.txt,TheresePoletti
120410newsML.txt,TheresePoletti
305885newsML.txt,TheresePoletti
179117newsML.txt,TheresePoletti
176991newsML.txt,TheresePoletti
203129newsML.txt,TheresePoletti
136917newsML.txt,TheresePoletti
113481newsML.txt,TheresePoletti
18158newsML.txt,TheresePoletti
246358newsML.txt,TheresePoletti
140583newsML.txt,TheresePoletti
144326newsML.txt,TheresePoletti
249362newsML.txt,TheresePoletti
157001newsML.txt,TheresePoletti
182700newsML.txt,TheresePoletti
126897newsML.txt,TheresePoletti
243514newsML.txt,TheresePoletti
200003newsML.txt,TheresePoletti
257205newsML.txt,TheresePoletti
16054newsML.txt,TheresePoletti
285748newsML.txt,TheresePoletti
154598newsML.txt,TheresePoletti
149309newsML.txt,TheresePoletti
242113newsML.txt,TheresePoletti
104608newsML.txt,TheresePoletti
129783newsML.txt,TheresePoletti
237345newsML.txt,TheresePoletti
232280newsML.txt,TheresePoletti
189987newsML.txt,TheresePoletti
151061newsML.txt,TheresePoletti
130612newsML.txt,TheresePoletti
309865newsML.txt,TheresePoletti
186457newsML.txt,TheresePoletti
187047newsML.txt,TheresePoletti
27551newsML.txt,TheresePoletti
101565newsML.txt,TheresePoletti
240007newsML.txt,TheresePoletti
18215newsML.txt,TheresePoletti
283077newsML.txt,TheresePoletti
246460newsML.txt,TheresePoletti
203028newsML.txt,TheresePoletti
301796newsML.txt,TheresePoletti
146012newsML.txt,TheresePoletti
242590newsML.txt,TheresePoletti
181674newsML.txt,TheresePoletti
252289newsML.txt,TheresePoletti
272016newsML.txt,TheresePoletti
115852newsML.txt,TheresePoletti
202015newsML.txt,KeithWeir
259522newsML.txt,KeithWeir
107610newsML.txt,KeithWeir
161747newsML.txt,KeithWeir
161753newsML.txt,KeithWeir
201067newsML.txt,KeithWeir
12639newsML.txt,KeithWeir
113806newsML.txt,KeithWeir
223176newsML.txt,KeithWeir
213689newsML.txt,KeithWeir
13441newsML.txt,KeithWeir
124269newsML.txt,KeithWeir
265008newsML.txt,KeithWeir
22411newsML.txt,KeithWeir
199225newsML.txt,KeithWeir
157702newsML.txt,KeithWeir
114962newsML.txt,KeithWeir
181588newsML.txt,KeithWeir
13442newsML.txt,KeithWeir
200592newsML.txt,KeithWeir
203924newsML.txt,KeithWeir
275481newsML.txt,KeithWeir
203930newsML.txt,KeithWeir
172133newsML.txt,KeithWeir
229606newsML.txt,KeithWeir
21070newsML.txt,KeithWeir
265140newsML.txt,KeithWeir
241521newsML.txt,KeithWeir
2344newsML.txt,KeithWeir
232566newsML.txt,KeithWeir
232616newsML.txt,KeithWeir
158161newsML.txt,KeithWeir
122945newsML.txt,KeithWeir
114919newsML.txt,KeithWeir
117941newsML.txt,KeithWeir
117955newsML.txt,KeithWeir
138347newsML.txt,KeithWeir
152889newsML.txt,KeithWeir
162021newsML.txt,KeithWeir
117958newsML.txt,KeithWeir
161602newsML.txt,KeithWeir
162208newsML.txt,KeithWeir
164490newsML.txt,KeithWeir
163109newsML.txt,KeithWeir
125542newsML.txt,KeithWeir
234892newsML.txt,KeithWeir
161738newsML.txt,KeithWeir
286107newsML.txt,KeithWeir
262296newsML.txt,KeithWeir
110316newsML.txt,KeithWeir
103362newsML.txt,JoWinterbottom
154415newsML.txt,JoWinterbottom
115389newsML.txt,JoWinterbottom
143033newsML.txt,JoWinterbottom
185611newsML.txt,JoWinterbottom
132968newsML.txt,JoWinterbottom
203926newsML.txt,JoWinterbottom
186888newsML.txt,JoWinterbottom
148026newsML.txt,JoWinterbottom
206040newsML.txt,JoWinterbottom
152843newsML.txt,JoWinterbottom
131763newsML.txt,JoWinterbottom
191718newsML.txt,JoWinterbottom
141413newsML.txt,JoWinterbottom
131132newsML.txt,JoWinterbottom
117971newsML.txt,JoWinterbottom
220918newsML.txt,JoWinterbottom
185674newsML.txt,JoWinterbottom
142994newsML.txt,JoWinterbottom
190268newsML.txt,JoWinterbottom
186890newsML.txt,JoWinterbottom
197541newsML.txt,JoWinterbottom
126147newsML.txt,JoWinterbottom
159560newsML.txt,JoWinterbottom
210506newsML.txt,JoWinterbottom
210519newsML.txt,JoWinterbottom
103380newsML.txt,JoWinterbottom
142995newsML.txt,JoWinterbottom
136300newsML.txt,JoWinterbottom
148227newsML.txt,JoWinterbottom
184783newsML.txt,JoWinterbottom
187979newsML.txt,JoWinterbottom
149908newsML.txt,JoWinterbottom
147012newsML.txt,JoWinterbottom
143011newsML.txt,JoWinterbottom
200668newsML.txt,JoWinterbottom
151249newsML.txt,JoWinterbottom
138243newsML.txt,JoWinterbottom
207515newsML.txt,JoWinterbottom
183638newsML.txt,JoWinterbottom
130021newsML.txt,JoWinterbottom
144390newsML.txt,JoWinterbottom
143036newsML.txt,JoWinterbottom
195814newsML.txt,JoWinterbottom
105972newsML.txt,JoWinterbottom
199265newsML.txt,JoWinterbottom
200394newsML.txt,JoWinterbottom
183716newsML.txt,JoWinterbottom
142997newsML.txt,JoWinterbottom
203923newsML.txt,JoWinterbottom
33304newsML.txt,MarkBendeich
286542newsML.txt,MarkBendeich
368145newsML.txt,MarkBendeich
269583newsML.txt,MarkBendeich
164991newsML.txt,MarkBendeich
115420newsML.txt,MarkBendeich
118468newsML.txt,MarkBendeich
27264newsML.txt,MarkBendeich
135098newsML.txt,MarkBendeich
289652newsML.txt,MarkBendeich
370908newsML.txt,MarkBendeich
33308newsML.txt,MarkBendeich
364654newsML.txt,MarkBendeich
294969newsML.txt,MarkBendeich
30686newsML.txt,MarkBendeich
21528newsML.txt,MarkBendeich
358701newsML.txt,MarkBendeich
402409newsML.txt,MarkBendeich
294948newsML.txt,MarkBendeich
395441newsML.txt,MarkBendeich
271088newsML.txt,MarkBendeich
271058newsML.txt,MarkBendeich
101093newsML.txt,MarkBendeich
383103newsML.txt,MarkBendeich
383098newsML.txt,MarkBendeich
192328newsML.txt,MarkBendeich
398974newsML.txt,MarkBendeich
155007newsML.txt,MarkBendeich
391048newsML.txt,MarkBendeich
151787newsML.txt,MarkBendeich
373924newsML.txt,MarkBendeich
125147newsML.txt,MarkBendeich
399895newsML.txt,MarkBendeich
271077newsML.txt,MarkBendeich
379952newsML.txt,MarkBendeich
101098newsML.txt,MarkBendeich
402412newsML.txt,MarkBendeich
358695newsML.txt,MarkBendeich
121864newsML.txt,MarkBendeich
115431newsML.txt,MarkBendeich
103818newsML.txt,MarkBendeich
402444newsML.txt,MarkBendeich
399002newsML.txt,MarkBendeich
103826newsML.txt,MarkBendeich
368102newsML.txt,MarkBendeich
30673newsML.txt,MarkBendeich
114722newsML.txt,MarkBendeich
258563newsML.txt,MarkBendeich
125094newsML.txt,MarkBendeich
286524newsML.txt,MarkBendeich
150364newsML.txt,JaneMacartney
279102newsML.txt,JaneMacartney
108069newsML.txt,JaneMacartney
247009newsML.txt,JaneMacartney
244948newsML.txt,JaneMacartney
253835newsML.txt,JaneMacartney
242319newsML.txt,JaneMacartney
112616newsML.txt,JaneMacartney
297895newsML.txt,JaneMacartney
280467newsML.txt,JaneMacartney
301144newsML.txt,JaneMacartney
101337newsML.txt,JaneMacartney
113072newsML.txt,JaneMacartney
153470newsML.txt,JaneMacartney
280485newsML.txt,JaneMacartney
127969newsML.txt,JaneMacartney
156668newsML.txt,JaneMacartney
115502newsML.txt,JaneMacartney
269865newsML.txt,JaneMacartney
246277newsML.txt,JaneMacartney
121957newsML.txt,JaneMacartney
242519newsML.txt,JaneMacartney
109736newsML.txt,JaneMacartney
296010newsML.txt,JaneMacartney
279474newsML.txt,JaneMacartney
113073newsML.txt,JaneMacartney
272173newsML.txt,JaneMacartney
105215newsML.txt,JaneMacartney
102414newsML.txt,JaneMacartney
276094newsML.txt,JaneMacartney
104067newsML.txt,JaneMacartney
301175newsML.txt,JaneMacartney
105207newsML.txt,JaneMacartney
281220newsML.txt,JaneMacartney
275597newsML.txt,JaneMacartney
112619newsML.txt,JaneMacartney
249226newsML.txt,JaneMacartney
106841newsML.txt,JaneMacartney
279442newsML.txt,JaneMacartney
106671newsML.txt,JaneMacartney
279477newsML.txt,JaneMacartney
108114newsML.txt,JaneMacartney
165077newsML.txt,JaneMacartney
158581newsML.txt,JaneMacartney
125313newsML.txt,JaneMacartney
264064newsML.txt,JaneMacartney
284741newsML.txt,JaneMacartney
281200newsML.txt,JaneMacartney
277885newsML.txt,JaneMacartney
162404newsML.txt,JaneMacartney
350671newsML.txt,MatthewBunce
139789newsML.txt,MatthewBunce
346379newsML.txt,MatthewBunce
362814newsML.txt,MatthewBunce
327686newsML.txt,MatthewBunce
169180newsML.txt,MatthewBunce
224769newsML.txt,MatthewBunce
102033newsML.txt,MatthewBunce
266534newsML.txt,MatthewBunce
333417newsML.txt,MatthewBunce
236509newsML.txt,MatthewBunce
258294newsML.txt,MatthewBunce
359857newsML.txt,MatthewBunce
153002newsML.txt,MatthewBunce
130106newsML.txt,MatthewBunce
224786newsML.txt,MatthewBunce
175759newsML.txt,MatthewBunce
298758newsML.txt,MatthewBunce
301536newsML.txt,MatthewBunce
356601newsML.txt,MatthewBunce
343437newsML.txt,MatthewBunce
283605newsML.txt,MatthewBunce
302478newsML.txt,MatthewBunce
334354newsML.txt,MatthewBunce
280201newsML.txt,MatthewBunce
165976newsML.txt,MatthewBunce
308257newsML.txt,MatthewBunce
165943newsML.txt,MatthewBunce
343415newsML.txt,MatthewBunce
280207newsML.txt,MatthewBunce
263657newsML.txt,MatthewBunce
293127newsML.txt,MatthewBunce
156243newsML.txt,MatthewBunce
169229newsML.txt,MatthewBunce
233655newsML.txt,MatthewBunce
318283newsML.txt,MatthewBunce
248714newsML.txt,MatthewBunce
362649newsML.txt,MatthewBunce
288284newsML.txt,MatthewBunce
302468newsML.txt,MatthewBunce
107670newsML.txt,MatthewBunce
311372newsML.txt,MatthewBunce
305276newsML.txt,MatthewBunce
251685newsML.txt,MatthewBunce
359837newsML.txt,MatthewBunce
343391newsML.txt,MatthewBunce
362811newsML.txt,MatthewBunce
286922newsML.txt,MatthewBunce
224752newsML.txt,MatthewBunce
287384newsML.txt,MatthewBunce
191372newsML.txt,ToddNissen
148408newsML.txt,ToddNissen
270751newsML.txt,ToddNissen
284597newsML.txt,ToddNissen
111247newsML.txt,ToddNissen
280639newsML.txt,ToddNissen
245562newsML.txt,ToddNissen
133717newsML.txt,ToddNissen
155659newsML.txt,ToddNissen
108216newsML.txt,ToddNissen
267365newsML.txt,ToddNissen
222096newsML.txt,ToddNissen
216410newsML.txt,ToddNissen
200426newsML.txt,ToddNissen
217896newsML.txt,ToddNissen
110957newsML.txt,ToddNissen
144319newsML.txt,ToddNissen
146468newsML.txt,ToddNissen
18393newsML.txt,ToddNissen
121051newsML.txt,ToddNissen
140567newsML.txt,ToddNissen
217362newsML.txt,ToddNissen
237066newsML.txt,ToddNissen
107276newsML.txt,ToddNissen
291856newsML.txt,ToddNissen
193662newsML.txt,ToddNissen
286232newsML.txt,ToddNissen
284034newsML.txt,ToddNissen
271791newsML.txt,ToddNissen
259007newsML.txt,ToddNissen
199894newsML.txt,ToddNissen
261367newsML.txt,ToddNissen
117089newsML.txt,ToddNissen
18151newsML.txt,ToddNissen
270703newsML.txt,ToddNissen
160059newsML.txt,ToddNissen
189259newsML.txt,ToddNissen
158140newsML.txt,ToddNissen
264956newsML.txt,ToddNissen
227529newsML.txt,ToddNissen
154381newsML.txt,ToddNissen
149287newsML.txt,ToddNissen
189161newsML.txt,ToddNissen
217419newsML.txt,ToddNissen
18414newsML.txt,ToddNissen
28509newsML.txt,ToddNissen
146741newsML.txt,ToddNissen
120415newsML.txt,ToddNissen
193383newsML.txt,ToddNissen
246995newsML.txt,ToddNissen
184622newsML.txt,PeterHumphrey
208161newsML.txt,PeterHumphrey
269864newsML.txt,PeterHumphrey
108105newsML.txt,PeterHumphrey
244883newsML.txt,PeterHumphrey
120288newsML.txt,PeterHumphrey
151867newsML.txt,PeterHumphrey
226225newsML.txt,PeterHumphrey
247781newsML.txt,PeterHumphrey
256526newsML.txt,PeterHumphrey
271287newsML.txt,PeterHumphrey
115524newsML.txt,PeterHumphrey
246251newsML.txt,PeterHumphrey
205146newsML.txt,PeterHumphrey
250825newsML.txt,PeterHumphrey
269850newsML.txt,PeterHumphrey
195348newsML.txt,PeterHumphrey
276107newsML.txt,PeterHumphrey
252085newsML.txt,PeterHumphrey
235615newsML.txt,PeterHumphrey
271684newsML.txt,PeterHumphrey
192387newsML.txt,PeterHumphrey
232735newsML.txt,PeterHumphrey
238764newsML.txt,PeterHumphrey
278596newsML.txt,PeterHumphrey
224140newsML.txt,PeterHumphrey
250733newsML.txt,PeterHumphrey
215906newsML.txt,PeterHumphrey
302864newsML.txt,PeterHumphrey
243415newsML.txt,PeterHumphrey
174559newsML.txt,PeterHumphrey
262875newsML.txt,PeterHumphrey
158626newsML.txt,PeterHumphrey
235690newsML.txt,PeterHumphrey
166468newsML.txt,PeterHumphrey
161373newsML.txt,PeterHumphrey
247855newsML.txt,PeterHumphrey
262888newsML.txt,PeterHumphrey
217232newsML.txt,PeterHumphrey
25384newsML.txt,PeterHumphrey
232850newsML.txt,PeterHumphrey
227262newsML.txt,PeterHumphrey
202909newsML.txt,PeterHumphrey
222778newsML.txt,PeterHumphrey
221800newsML.txt,PeterHumphrey
129185newsML.txt,PeterHumphrey
190619newsML.txt,PeterHumphrey
26410newsML.txt,PeterHumphrey
194769newsML.txt,PeterHumphrey
242322newsML.txt,PeterHumphrey
165864newsML.txt,TimFarrand
204606newsML.txt,TimFarrand
167779newsML.txt,TimFarrand
175500newsML.txt,TimFarrand
177684newsML.txt,TimFarrand
199222newsML.txt,TimFarrand
114953newsML.txt,TimFarrand
159531newsML.txt,TimFarrand
175594newsML.txt,TimFarrand
10265newsML.txt,TimFarrand
240674newsML.txt,TimFarrand
159528newsML.txt,TimFarrand
152851newsML.txt,TimFarrand
143038newsML.txt,TimFarrand
234885newsML.txt,TimFarrand
165801newsML.txt,TimFarrand
225561newsML.txt,TimFarrand
164516newsML.txt,TimFarrand
164877newsML.txt,TimFarrand
154492newsML.txt,TimFarrand
229685newsML.txt,TimFarrand
201017newsML.txt,TimFarrand
160644newsML.txt,TimFarrand
167803newsML.txt,TimFarrand
242992newsML.txt,TimFarrand
238095newsML.txt,TimFarrand
220852newsML.txt,TimFarrand
221452newsML.txt,TimFarrand
224684newsML.txt,TimFarrand
230604newsML.txt,TimFarrand
220938newsML.txt,TimFarrand
127403newsML.txt,TimFarrand
202017newsML.txt,TimFarrand
220857newsML.txt,TimFarrand
173850newsML.txt,TimFarrand
127856newsML.txt,TimFarrand
173770newsML.txt,TimFarrand
237980newsML.txt,TimFarrand
210560newsML.txt,TimFarrand
235003newsML.txt,TimFarrand
207557newsML.txt,TimFarrand
149844newsML.txt,TimFarrand
15631newsML.txt,TimFarrand
237957newsML.txt,TimFarrand
164890newsML.txt,TimFarrand
224668newsML.txt,TimFarrand
172132newsML.txt,TimFarrand
236371newsML.txt,TimFarrand
242910newsML.txt,TimFarrand
229159newsML.txt,TimFarrand
419462newsML.txt,SarahDavison
428346newsML.txt,SarahDavison
213002newsML.txt,SarahDavison
196732newsML.txt,SarahDavison
190734newsML.txt,SarahDavison
342562newsML.txt,SarahDavison
148891newsML.txt,SarahDavison
24260newsML.txt,SarahDavison
387956newsML.txt,SarahDavison
361890newsML.txt,SarahDavison
369465newsML.txt,SarahDavison
26419newsML.txt,SarahDavison
155177newsML.txt,SarahDavison
317452newsML.txt,SarahDavison
31981newsML.txt,SarahDavison
352851newsML.txt,SarahDavison
396739newsML.txt,SarahDavison
396743newsML.txt,SarahDavison
324597newsML.txt,SarahDavison
386644newsML.txt,SarahDavison
414690newsML.txt,SarahDavison
405565newsML.txt,SarahDavison
310313newsML.txt,SarahDavison
365768newsML.txt,SarahDavison
150435newsML.txt,SarahDavison
429225newsML.txt,SarahDavison
21569newsML.txt,SarahDavison
421047newsML.txt,SarahDavison
147534newsML.txt,SarahDavison
396740newsML.txt,SarahDavison
317706newsML.txt,SarahDavison
310654newsML.txt,SarahDavison
426661newsML.txt,SarahDavison
429223newsML.txt,SarahDavison
436334newsML.txt,SarahDavison
113117newsML.txt,SarahDavison
409023newsML.txt,SarahDavison
162424newsML.txt,SarahDavison
27290newsML.txt,SarahDavison
169592newsML.txt,SarahDavison
426559newsML.txt,SarahDavison
392316newsML.txt,SarahDavison
383224newsML.txt,SarahDavison
323333newsML.txt,SarahDavison
360226newsML.txt,SarahDavison
140274newsML.txt,SarahDavison
387955newsML.txt,SarahDavison
166481newsML.txt,SarahDavison
165189newsML.txt,SarahDavison
108084newsML.txt,SarahDavison
252156newsML.txt,GrahamEarnshaw
275716newsML.txt,GrahamEarnshaw
273087newsML.txt,GrahamEarnshaw
103906newsML.txt,GrahamEarnshaw
229903newsML.txt,GrahamEarnshaw
172788newsML.txt,GrahamEarnshaw
247793newsML.txt,GrahamEarnshaw
128171newsML.txt,GrahamEarnshaw
271168newsML.txt,GrahamEarnshaw
217296newsML.txt,GrahamEarnshaw
187405newsML.txt,GrahamEarnshaw
277010newsML.txt,GrahamEarnshaw
232939newsML.txt,GrahamEarnshaw
250860newsML.txt,GrahamEarnshaw
258604newsML.txt,GrahamEarnshaw
238773newsML.txt,GrahamEarnshaw
252118newsML.txt,GrahamEarnshaw
271134newsML.txt,GrahamEarnshaw
152163newsML.txt,GrahamEarnshaw
231139newsML.txt,GrahamEarnshaw
204791newsML.txt,GrahamEarnshaw
167951newsML.txt,GrahamEarnshaw
254834newsML.txt,GrahamEarnshaw
205033newsML.txt,GrahamEarnshaw
247765newsML.txt,GrahamEarnshaw
232804newsML.txt,GrahamEarnshaw
114251newsML.txt,GrahamEarnshaw
270340newsML.txt,GrahamEarnshaw
190410newsML.txt,GrahamEarnshaw
244929newsML.txt,GrahamEarnshaw
274219newsML.txt,GrahamEarnshaw
169618newsML.txt,GrahamEarnshaw
280504newsML.txt,GrahamEarnshaw
220126newsML.txt,GrahamEarnshaw
262722newsML.txt,GrahamEarnshaw
265664newsML.txt,GrahamEarnshaw
113070newsML.txt,GrahamEarnshaw
232537newsML.txt,GrahamEarnshaw
262829newsML.txt,GrahamEarnshaw
134309newsML.txt,GrahamEarnshaw
226150newsML.txt,GrahamEarnshaw
249198newsML.txt,GrahamEarnshaw
181135newsML.txt,GrahamEarnshaw
241254newsML.txt,GrahamEarnshaw
231076newsML.txt,GrahamEarnshaw
13495newsML.txt,GrahamEarnshaw
198148newsML.txt,GrahamEarnshaw
113102newsML.txt,GrahamEarnshaw
201228newsML.txt,GrahamEarnshaw
267059newsML.txt,GrahamEarnshaw
155005newsML.txt,BernardHickey
103816newsML.txt,BernardHickey
223856newsML.txt,BernardHickey
148778newsML.txt,BernardHickey
223842newsML.txt,BernardHickey
111971newsML.txt,BernardHickey
322996newsML.txt,BernardHickey
294933newsML.txt,BernardHickey
25315newsML.txt,BernardHickey
250680newsML.txt,BernardHickey
181034newsML.txt,BernardHickey
33299newsML.txt,BernardHickey
218591newsML.txt,BernardHickey
25320newsML.txt,BernardHickey
355589newsML.txt,BernardHickey
154997newsML.txt,BernardHickey
322990newsML.txt,BernardHickey
242252newsML.txt,BernardHickey
30677newsML.txt,BernardHickey
223857newsML.txt,BernardHickey
118434newsML.txt,BernardHickey
111981newsML.txt,BernardHickey
25344newsML.txt,BernardHickey
118470newsML.txt,BernardHickey
117740newsML.txt,BernardHickey
118448newsML.txt,BernardHickey
294952newsML.txt,BernardHickey
361820newsML.txt,BernardHickey
148786newsML.txt,BernardHickey
361792newsML.txt,BernardHickey
323527newsML.txt,BernardHickey
18328newsML.txt,BernardHickey
31892newsML.txt,BernardHickey
165020newsML.txt,BernardHickey
151764newsML.txt,BernardHickey
198061newsML.txt,BernardHickey
110697newsML.txt,BernardHickey
201116newsML.txt,BernardHickey
184099newsML.txt,BernardHickey
118901newsML.txt,BernardHickey
361793newsML.txt,BernardHickey
184111newsML.txt,BernardHickey
176080newsML.txt,BernardHickey
33301newsML.txt,BernardHickey
165334newsML.txt,BernardHickey
164986newsML.txt,BernardHickey
33315newsML.txt,BernardHickey
118472newsML.txt,BernardHickey
354020newsML.txt,BernardHickey
174426newsML.txt,BernardHickey
219536newsML.txt,KirstinRidley
181858newsML.txt,KirstinRidley
162195newsML.txt,KirstinRidley
162181newsML.txt,KirstinRidley
314406newsML.txt,KirstinRidley
181907newsML.txt,KirstinRidley
36556newsML.txt,KirstinRidley
315603newsML.txt,KirstinRidley
165832newsML.txt,KirstinRidley
162193newsML.txt,KirstinRidley
239217newsML.txt,KirstinRidley
23873newsML.txt,KirstinRidley
250064newsML.txt,KirstinRidley
394816newsML.txt,KirstinRidley
188419newsML.txt,KirstinRidley
314384newsML.txt,KirstinRidley
327620newsML.txt,KirstinRidley
163119newsML.txt,KirstinRidley
278254newsML.txt,KirstinRidley
103790newsML.txt,KirstinRidley
341864newsML.txt,KirstinRidley
157761newsML.txt,KirstinRidley
163112newsML.txt,KirstinRidley
322955newsML.txt,KirstinRidley
316041newsML.txt,KirstinRidley
294355newsML.txt,KirstinRidley
267983newsML.txt,KirstinRidley
199262newsML.txt,KirstinRidley
347828newsML.txt,KirstinRidley
254351newsML.txt,KirstinRidley
341840newsML.txt,KirstinRidley
187985newsML.txt,KirstinRidley
167814newsML.txt,KirstinRidley
162644newsML.txt,KirstinRidley
162191newsML.txt,KirstinRidley
329130newsML.txt,KirstinRidley
164526newsML.txt,KirstinRidley
402055newsML.txt,KirstinRidley
27422newsML.txt,KirstinRidley
393388newsML.txt,KirstinRidley
340175newsML.txt,KirstinRidley
359687newsML.txt,KirstinRidley
156083newsML.txt,KirstinRidley
371805newsML.txt,KirstinRidley
189900newsML.txt,KirstinRidley
297203newsML.txt,KirstinRidley
322479newsML.txt,KirstinRidley
189882newsML.txt,KirstinRidley
162189newsML.txt,KirstinRidley
374916newsML.txt,KirstinRidley
268005newsML.txt,AlexanderSmith
289578newsML.txt,AlexanderSmith
223793newsML.txt,AlexanderSmith
164558newsML.txt,AlexanderSmith
18111newsML.txt,AlexanderSmith
236412newsML.txt,AlexanderSmith
240608newsML.txt,AlexanderSmith
179671newsML.txt,AlexanderSmith
225590newsML.txt,AlexanderSmith
224655newsML.txt,AlexanderSmith
304231newsML.txt,AlexanderSmith
274612newsML.txt,AlexanderSmith
29098newsML.txt,AlexanderSmith
172146newsML.txt,AlexanderSmith
134595newsML.txt,AlexanderSmith
21127newsML.txt,AlexanderSmith
164269newsML.txt,AlexanderSmith
135627newsML.txt,AlexanderSmith
134290newsML.txt,AlexanderSmith
110282newsML.txt,AlexanderSmith
239202newsML.txt,AlexanderSmith
164287newsML.txt,AlexanderSmith
237953newsML.txt,AlexanderSmith
107525newsML.txt,AlexanderSmith
307212newsML.txt,AlexanderSmith
141391newsML.txt,AlexanderSmith
185613newsML.txt,AlexanderSmith
238090newsML.txt,AlexanderSmith
162656newsML.txt,AlexanderSmith
141943newsML.txt,AlexanderSmith
223283newsML.txt,AlexanderSmith
188417newsML.txt,AlexanderSmith
302382newsML.txt,AlexanderSmith
300452newsML.txt,AlexanderSmith
134584newsML.txt,AlexanderSmith
18227newsML.txt,AlexanderSmith
162657newsML.txt,AlexanderSmith
223300newsML.txt,AlexanderSmith
251540newsML.txt,AlexanderSmith
23876newsML.txt,AlexanderSmith
220666newsML.txt,AlexanderSmith
219521newsML.txt,AlexanderSmith
272743newsML.txt,AlexanderSmith
165875newsML.txt,AlexanderSmith
134983newsML.txt,AlexanderSmith
184789newsML.txt,AlexanderSmith
16167newsML.txt,AlexanderSmith
219512newsML.txt,AlexanderSmith
144367newsML.txt,AlexanderSmith
109096newsML.txt,AlexanderSmith
219628newsML.txt,LydiaZajc
216822newsML.txt,LydiaZajc
13810newsML.txt,LydiaZajc
15592newsML.txt,LydiaZajc
319107newsML.txt,LydiaZajc
185720newsML.txt,LydiaZajc
319113newsML.txt,LydiaZajc
346330newsML.txt,LydiaZajc
172241newsML.txt,LydiaZajc
311319newsML.txt,LydiaZajc
332252newsML.txt,LydiaZajc
353567newsML.txt,LydiaZajc
227933newsML.txt,LydiaZajc
165902newsML.txt,LydiaZajc
316724newsML.txt,LydiaZajc
139760newsML.txt,LydiaZajc
164298newsML.txt,LydiaZajc
356565newsML.txt,LydiaZajc
326409newsML.txt,LydiaZajc
202140newsML.txt,LydiaZajc
213719newsML.txt,LydiaZajc
254426newsML.txt,LydiaZajc
239275newsML.txt,LydiaZajc
345128newsML.txt,LydiaZajc
302437newsML.txt,LydiaZajc
305250newsML.txt,LydiaZajc
339037newsML.txt,LydiaZajc
362785newsML.txt,LydiaZajc
364632newsML.txt,LydiaZajc
163197newsML.txt,LydiaZajc
257337newsML.txt,LydiaZajc
130081newsML.txt,LydiaZajc
329147newsML.txt,LydiaZajc
212440newsML.txt,LydiaZajc
334277newsML.txt,LydiaZajc
105793newsML.txt,LydiaZajc
308198newsML.txt,LydiaZajc
2387newsML.txt,LydiaZajc
239280newsML.txt,LydiaZajc
230638newsML.txt,LydiaZajc
10274newsML.txt,LydiaZajc
317743newsML.txt,LydiaZajc
162222newsML.txt,LydiaZajc
174373newsML.txt,LydiaZajc
366471newsML.txt,LydiaZajc
224725newsML.txt,LydiaZajc
233590newsML.txt,LydiaZajc
207278newsML.txt,LydiaZajc
236474newsML.txt,LydiaZajc
188535newsML.txt,LydiaZajc
